Acrylamide Conc. %,Bis-acrylamide conc %,Photo-initiator conc. %,Layer Height. (micron),Bottom Layer exposure time (s),Exposure time (s),Frequency (Hz),Storage modulus (Pa),Loss modulus (Pa)
10,0.2,2,30,50,6,0.01,2148.351318,311.438385
10,0.2,2,30,50,6,0.015848933,2439.765381,247.210968
10,0.2,2,30,50,6,0.025118863,2550.185059,218.6726074
10,0.2,2,30,50,6,0.039810721,2619.587158,189.100235
10,0.2,2,30,50,6,0.063095748,2674.219727,165.0541534
10,0.2,2,30,50,6,0.100000001,2721.459229,153.7145538
10,0.2,2,30,50,6,0.158489317,2764.387451,134.9875641
10,0.2,2,30,50,6,0.251188636,2799.995361,124.053833
10,0.2,2,30,50,6,0.398107171,2830.390625,114.5071335
10,0.2,2,30,50,6,0.630957365,2863.917969,110.6683884
10,0.2,2,30,50,6,1,2889.829346,108.8811264
10,0.2,2,30,50,6,1.584893227,2914.364746,111.9071579
10,0.2,2,30,50,6,2.511886358,2936.616455,118.9732895
10,0.2,2,30,50,6,3.981071472,2953.757813,128.8247375
10,0.2,2,30,50,6,6.309572697,2904.415283,130.0865326
10,0.2,2,30,50,6,10,2925.76709,139.806488
10,0.2,2,30,50,6,0.01,2019.041138,235.5497894
10,0.2,2,30,50,6,0.015848933,2134.80127,187.5473785
10,0.2,2,30,50,6,0.025118863,2205.598633,156.9636536
10,0.2,2,30,50,6,0.039810721,2258.318848,134.137085
10,0.2,2,30,50,6,0.063095748,2296.085938,118.6400604
10,0.2,2,30,50,6,0.100000001,2328.142578,106.8235626
10,0.2,2,30,50,6,0.158489317,2356.850098,97.89962769
10,0.2,2,30,50,6,0.251188636,2382.028809,90.95019531
10,0.2,2,30,50,6,0.398107171,2404.64502,86.67132568
10,0.2,2,30,50,6,0.630957365,2430.060547,83.94960785
10,0.2,2,30,50,6,1,2448.450684,84.04296875
10,0.2,2,30,50,6,1.584893227,2469.882813,88.11299133
10,0.2,2,30,50,6,2.511886358,2489.961426,95.26507568
10,0.2,2,30,50,6,3.981071472,2503.796143,105.4670639
10,0.2,2,30,50,6,6.309572697,2467.090088,112.2753906
10,0.2,2,30,50,6,10,2495.039551,96.1521759
10,0.2,2,30,50,6,0.01,2106.969727,345.0151367
10,0.2,2,30,50,6,0.015848933,2330.191895,211.9912262
10,0.2,2,30,50,6,0.025118863,2433.232178,167.7505493
10,0.2,2,30,50,6,0.039810721,2495.749512,139.276886
10,0.2,2,30,50,6,0.063095748,2542.908447,122.0379562
10,0.2,2,30,50,6,0.100000001,2577.302002,111.4805222
10,0.2,2,30,50,6,0.158489317,2609.293945,100.2962646
10,0.2,2,30,50,6,0.251188636,2633.946533,89.43761444
10,0.2,2,30,50,6,0.398107171,2661.0979,84.53887177
10,0.2,2,30,50,6,0.630957365,2679.700195,79.57699585
10,0.2,2,30,50,6,1,2700.413086,79.37548065
10,0.2,2,30,50,6,1.584893227,2718.455078,79.22820282
10,0.2,2,30,50,6,2.511886358,2738.174561,84.06710052
10,0.2,2,30,50,6,3.981071472,2743.928711,98.15802002
10,0.2,2,30,50,6,6.309572697,2685.107666,91.07966614
10,0.2,2,30,50,6,10,2723.19873,100.425209
10,0.2,2,30,50,6,0.01,2519.156006,225.6427002
10,0.2,2,30,50,6,0.015848933,2604.37085,170.0833588
10,0.2,2,30,50,6,0.025118863,2647.185547,133.7148438
10,0.2,2,30,50,6,0.039810721,2681.284912,113.9758453
10,0.2,2,30,50,6,0.063095748,2713.3396,100.3000107
10,0.2,2,30,50,6,0.100000001,2740.444092,89.38461304
10,0.2,2,30,50,6,0.158489317,2760.729492,82.79653931
10,0.2,2,30,50,6,0.251188636,2781.53833,76.55649567
10,0.2,2,30,50,6,0.398107171,2802.925049,72.09207153
10,0.2,2,30,50,6,0.630957365,2823.109375,69.98768616
10,0.2,2,30,50,6,1,2835.997803,71.01538086
10,0.2,2,30,50,6,1.584893227,2854.716553,73.39735413
10,0.2,2,30,50,6,2.511886358,2863.041748,92.28955078
10,0.2,2,30,50,6,3.981071472,2886.577637,98.66660309
10,0.2,2,30,50,6,6.309572697,2829.773926,112.776886
10,0.2,2,30,50,6,10,2861.869141,91.31180573
10,0.2,2,90,50,6,0.01,819.6756592,121.0620651
10,0.2,2,90,50,6,0.015848933,899.0216675,113.5734634
10,0.2,2,90,50,6,0.025118863,954.7654419,102.8617706
10,0.2,2,90,50,6,0.039810721,994.0921021,93.88309479
10,0.2,2,90,50,6,0.063095748,1027.380371,86.35836792
10,0.2,2,90,50,6,0.100000001,1053.345337,80.11935425
10,0.2,2,90,50,6,0.158489317,1076.165771,75.17558289
10,0.2,2,90,50,6,0.251188636,1096.460815,71.98627472
10,0.2,2,90,50,6,0.398107171,1115.597656,69.9141922
10,0.2,2,90,50,6,0.630957365,1132.748535,69.38749695
10,0.2,2,90,50,6,1,1151.572876,72.22250366
10,0.2,2,90,50,6,1.584893227,1168.60498,76.90496063
10,0.2,2,90,50,6,2.511886358,1183.950195,85.06565094
10,0.2,2,90,50,6,3.981071472,1187.245728,98.36016083
10,0.2,2,90,50,6,6.309572697,1165.144653,115.6507111
10,0.2,2,90,50,6,10,1240.213867,114.0786438
10,0.2,2,90,50,6,0.01,623.5822754,116.4548798
10,0.2,2,90,50,6,0.015848933,704.81427,102.8403397
10,0.2,2,90,50,6,0.025118863,756.8909302,91.15359497
10,0.2,2,90,50,6,0.039810721,789.888916,80.39968872
10,0.2,2,90,50,6,0.063095748,820.9055176,73.4879837
10,0.2,2,90,50,6,0.100000001,842.8981323,67.4130249
10,0.2,2,90,50,6,0.158489317,861.5234375,62.48575974
10,0.2,2,90,50,6,0.251188636,877.7950439,59.05724716
10,0.2,2,90,50,6,0.398107171,892.8920898,56.67546463
10,0.2,2,90,50,6,0.630957365,907.0192871,55.99652863
10,0.2,2,90,50,6,1,920.7817383,57.42076111
10,0.2,2,90,50,6,1.584893227,933.210022,60.64852524
10,0.2,2,90,50,6,2.511886358,942.2241211,67.61360168
10,0.2,2,90,50,6,3.981071472,925.1483765,83.82102966
10,0.2,2,90,50,6,6.309572697,953.8388672,81.43232727
10,0.2,2,90,50,6,10,1057.385498,76.12268829
10,0.2,2,90,50,6,0.01,636.5460815,121.921463
10,0.2,2,90,50,6,0.015848933,735.6827393,114.3205338
10,0.2,2,90,50,6,0.025118863,802.1136475,104.1842041
10,0.2,2,90,50,6,0.039810721,846.7289429,95.54125977
10,0.2,2,90,50,6,0.063095748,881.7450562,88.19549561
10,0.2,2,90,50,6,0.100000001,909.9827881,81.86100769
10,0.2,2,90,50,6,0.158489317,934.3040771,77.13864136
10,0.2,2,90,50,6,0.251188636,955.7301025,73.82361603
10,0.2,2,90,50,6,0.398107171,975.7229004,71.81442261
10,0.2,2,90,50,6,0.630957365,995.0325928,72.38248444
10,0.2,2,90,50,6,1,1012.807251,73.83664703
10,0.2,2,90,50,6,1.584893227,1030.69519,78.26347351
10,0.2,2,90,50,6,2.511886358,1045.39563,86.54093933
10,0.2,2,90,50,6,3.981071472,1039.475586,103.4208679
10,0.2,2,90,50,6,6.309572697,1048.784668,110.4229126
10,0.2,2,90,50,6,10,1127.159668,139.3020325
10,0.2,2,90,50,6,0.01,992.4401245,131.3758392
10,0.2,2,90,50,6,0.015848933,1096.709961,109.5642319
10,0.2,2,90,50,6,0.025118863,1159.538452,95.00662231
10,0.2,2,90,50,6,0.039810721,1204.889282,84.34257507
10,0.2,2,90,50,6,0.063095748,1238.121582,76.76155853
10,0.2,2,90,50,6,0.100000001,1263.379028,71.36489868
10,0.2,2,90,50,6,0.158489317,1286.285767,67.85210419
10,0.2,2,90,50,6,0.251188636,1305.815063,65.83091736
10,0.2,2,90,50,6,0.398107171,1324.207764,65.28800201
10,0.2,2,90,50,6,0.630957365,1341.550537,66.71614075
10,0.2,2,90,50,6,1,1359.40625,69.47169495
10,0.2,2,90,50,6,1.584893227,1376.604614,74.18766022
10,0.2,2,90,50,6,2.511886358,1393.894287,82.17089844
10,0.2,2,90,50,6,3.981071472,1404.196045,94.14842987
10,0.2,2,90,50,6,6.309572697,1342.03064,125.3669052
10,0.2,2,90,50,6,10,1413.673584,113.3642654
10,0.2,2,90,50,6,0.01,1246.608032,123.99189
10,0.2,2,90,50,6,0.015848933,1311.011597,105.8169327
10,0.2,2,90,50,6,0.025118863,1355.481934,91.23984528
10,0.2,2,90,50,6,0.039810721,1386.793335,81.65088654
10,0.2,2,90,50,6,0.063095748,1412.64624,74.72267151
10,0.2,2,90,50,6,0.100000001,1434.853394,70.14427185
10,0.2,2,90,50,6,0.158489317,1454.515259,66.04334259
10,0.2,2,90,50,6,0.251188636,1472.28418,64.11168671
10,0.2,2,90,50,6,0.398107171,1489.332275,63.75006104
10,0.2,2,90,50,6,0.630957365,1506.51355,65.19062042
10,0.2,2,90,50,6,1,1523.078003,67.94774628
10,0.2,2,90,50,6,1.584893227,1540.122314,73.83866882
10,0.2,2,90,50,6,2.511886358,1555.613159,81.83863068
10,0.2,2,90,50,6,3.981071472,1568.537354,92.41204071
10,0.2,2,90,50,6,6.309572697,1492.7052,125.9943771
10,0.2,2,90,50,6,10,1585.204102,112.0015488
10,0.2,2,90,50,6,0.01,1188.704712,127.5840073
10,0.2,2,90,50,6,0.015848933,1270.274902,111.4982986
10,0.2,2,90,50,6,0.025118863,1322.093018,99.88456726
10,0.2,2,90,50,6,0.039810721,1358.08606,86.35188293
10,0.2,2,90,50,6,0.063095748,1390.908447,84.10816956
10,0.2,2,90,50,6,0.100000001,1416.428589,77.99724579
10,0.2,2,90,50,6,0.158489317,1439.082764,74.34849548
10,0.2,2,90,50,6,0.251188636,1459.436157,72.35758209
10,0.2,2,90,50,6,0.398107171,1479.025146,71.65676117
10,0.2,2,90,50,6,0.630957365,1496.489746,73.50554657
10,0.2,2,90,50,6,1,1517.114258,76.25029755
10,0.2,2,90,50,6,1.584893227,1536.026367,82.70565796
10,0.2,2,90,50,6,2.511886358,1554.626221,89.9800415
10,0.2,2,90,50,6,3.981071472,1567.188965,102.9316025
10,0.2,2,90,50,6,6.309572697,1485.3573,140.6254883
10,0.2,2,90,50,6,10,1549.874268,214.8951874
10,0.2,2,150,50,6,0.01,588.6187134,99.81731415
10,0.2,2,150,50,6,0.015848933,670.3511963,80.06125641
10,0.2,2,150,50,6,0.025118863,717.6531372,71.18693542
10,0.2,2,150,50,6,0.039810721,752.5592651,65.57300568
10,0.2,2,150,50,6,0.063095748,778.6577148,60.00177002
10,0.2,2,150,50,6,0.100000001,798.4104614,56.06704712
10,0.2,2,150,50,6,0.158489317,816.7026367,53.3131218
10,0.2,2,150,50,6,0.251188636,831.8120117,52.28001785
10,0.2,2,150,50,6,0.398107171,845.7680054,52.01691437
10,0.2,2,150,50,6,0.630957365,858.2214355,53.48007965
10,0.2,2,150,50,6,1,873.4542236,55.5036087
10,0.2,2,150,50,6,1.584893227,886.0220947,59.93143082
10,0.2,2,150,50,6,2.511886358,895.9087524,66.59352875
10,0.2,2,150,50,6,3.981071472,887.6000977,78.38009644
10,0.2,2,150,50,6,6.309572697,901.7639771,77.78048706
10,0.2,2,150,50,6,10,958.1152344,121.7582321
10,0.2,2,150,50,6,0.01,549.1827393,80.77813721
10,0.2,2,150,50,6,0.015848933,624.1502075,69.58078766
10,0.2,2,150,50,6,0.025118863,670.2761841,61.55362701
10,0.2,2,150,50,6,0.039810721,700.1247559,55.70952606
10,0.2,2,150,50,6,0.063095748,722.6623535,51.3995285
10,0.2,2,150,50,6,0.100000001,740.8897705,48.19259262
10,0.2,2,150,50,6,0.158489317,756.1211548,45.94195938
10,0.2,2,150,50,6,0.251188636,769.4887695,44.86459351
10,0.2,2,150,50,6,0.398107171,781.8800659,45.0399971
10,0.2,2,150,50,6,0.630957365,795.2449951,46.43759918
10,0.2,2,150,50,6,1,805.9893188,49.11185455
10,0.2,2,150,50,6,1.584893227,817.192627,53.46695328
10,0.2,2,150,50,6,2.511886358,825.5497437,60.0235672
10,0.2,2,150,50,6,3.981071472,809.6062012,74.14039612
10,0.2,2,150,50,6,6.309572697,832.8254395,65.80875397
10,0.2,2,150,50,6,10,826.3857422,102.5190201
10,0.2,2,150,50,6,0.01,531.0776367,90.94733429
10,0.2,2,150,50,6,0.015848933,613.1652832,73.88378906
10,0.2,2,150,50,6,0.025118863,659.8217773,64.20128632
10,0.2,2,150,50,6,0.039810721,687.987793,58.81645203
10,0.2,2,150,50,6,0.063095748,712.5299072,56.27495956
10,0.2,2,150,50,6,0.100000001,731.2672729,52.75532532
10,0.2,2,150,50,6,0.158489317,747.1314087,51.04004669
10,0.2,2,150,50,6,0.251188636,761.468811,50.46304703
10,0.2,2,150,50,6,0.398107171,775.3462524,50.76426315
10,0.2,2,150,50,6,0.630957365,789.708252,52.34835052
10,0.2,2,150,50,6,1,802.5247192,56.0769577
10,0.2,2,150,50,6,1.584893227,815.5924683,61.08843613
10,0.2,2,150,50,6,2.511886358,826.5024414,68.74790955
10,0.2,2,150,50,6,3.981071472,810.5757446,85.01473999
10,0.2,2,150,50,6,6.309572697,841.1264038,78.68423462
10,0.2,2,150,50,6,10,878.9335938,101.1561127
10,0.2,2,150,50,6,0.01,529.3479004,77.75352478
10,0.2,2,150,50,6,0.015848933,604.0164185,70.19263458
10,0.2,2,150,50,6,0.025118863,650.1625366,62.96640396
10,0.2,2,150,50,6,0.039810721,681.6020508,58.68709183
10,0.2,2,150,50,6,0.063095748,704.8925781,54.88187027
10,0.2,2,150,50,6,0.100000001,723.7294312,52.27966309
10,0.2,2,150,50,6,0.158489317,740.9963989,50.54318619
10,0.2,2,150,50,6,0.251188636,755.4343872,50.21185684
10,0.2,2,150,50,6,0.398107171,769.163269,50.84906006
10,0.2,2,150,50,6,0.630957365,782.9254761,52.4029274
10,0.2,2,150,50,6,1,796.7709961,55.53548813
10,0.2,2,150,50,6,1.584893227,809.6057129,60.55134201
10,0.2,2,150,50,6,2.511886358,818.6046753,68.08157349
10,0.2,2,150,50,6,3.981071472,795.5414429,86.16769409
10,0.2,2,150,50,6,6.309572697,834.4902344,78.50373077
10,0.2,2,150,50,6,10,834.4121094,91.78366852
10,0.2,2,150,50,6,0.01,554.2723389,81.860466
10,0.2,2,150,50,6,0.015848933,623.0428467,71.16964722
10,0.2,2,150,50,6,0.025118863,671.1330566,65.42974091
10,0.2,2,150,50,6,0.039810721,703.9107666,61.02409363
10,0.2,2,150,50,6,0.063095748,727.8668213,57.44719315
10,0.2,2,150,50,6,0.100000001,747.755249,55.07040787
10,0.2,2,150,50,6,0.158489317,765.0080566,53.71088409
10,0.2,2,150,50,6,0.251188636,781.0812988,53.42783737
10,0.2,2,150,50,6,0.398107171,795.7573242,54.3043251
10,0.2,2,150,50,6,0.630957365,812.0750122,56.79177856
10,0.2,2,150,50,6,1,825.6589966,59.95024109
10,0.2,2,150,50,6,1.584893227,840.0722656,65.36448669
10,0.2,2,150,50,6,2.511886358,850.8057251,73.2338028
10,0.2,2,150,50,6,3.981071472,838.4347534,89.45168304
10,0.2,2,150,50,6,6.309572697,869.5038452,83.39693451
10,0.2,2,150,50,6,10,890.8569336,126.7875977
10,0.3,1.5,30,50,6,0.01,794.8421021,119.8668976
10,0.3,1.5,30,50,6,0.015848933,875.5668335,104.8251877
10,0.3,1.5,30,50,6,0.025118863,921.9036255,100.3833008
10,0.3,1.5,30,50,6,0.039810721,955.2020874,92.36123657
10,0.3,1.5,30,50,6,0.063095748,982.9713135,89.61766815
10,0.3,1.5,30,50,6,0.100000001,1007.452881,90.31491852
10,0.3,1.5,30,50,6,0.158489317,1030.484253,91.48081207
10,0.3,1.5,30,50,6,0.251188636,1054.120972,95.55980682
10,0.3,1.5,30,50,6,0.398107171,1078.480103,101.8144455
10,0.3,1.5,30,50,6,0.630957365,1103.442627,109.0285873
10,0.3,1.5,30,50,6,1,1126.662476,119.3325653
10,0.3,1.5,30,50,6,1.584893227,1143.557251,134.8121948
10,0.3,1.5,30,50,6,2.511886358,1121.266846,163.3370209
10,0.3,1.5,30,50,6,3.981071472,1076.533813,178.4498138
10,0.3,1.5,30,50,6,6.309572697,1156.744629,200.773407
10,0.3,1.5,30,50,6,10,1085.893555,253.2296448
10,0.3,1.5,30,50,6,0.01,1107.830811,157.1526489
10,0.3,1.5,30,50,6,0.015848933,1256.523071,132.4112091
10,0.3,1.5,30,50,6,0.025118863,1315.424805,122.1022186
10,0.3,1.5,30,50,6,0.039810721,1356.774902,113.4623947
10,0.3,1.5,30,50,6,0.063095748,1391.340698,107.9588394
10,0.3,1.5,30,50,6,0.100000001,1420.476563,105.7528305
10,0.3,1.5,30,50,6,0.158489317,1447.373047,103.3249207
10,0.3,1.5,30,50,6,0.251188636,1472.446045,105.3073273
10,0.3,1.5,30,50,6,0.398107171,1497.797119,107.8914108
10,0.3,1.5,30,50,6,0.630957365,1518.265747,112.8055038
10,0.3,1.5,30,50,6,1,1545.093994,119.8221359
10,0.3,1.5,30,50,6,1.584893227,1562.09436,132.4866028
10,0.3,1.5,30,50,6,2.511886358,1549.354492,154.5949097
10,0.3,1.5,30,50,6,3.981071472,1423.408936,203.0820007
10,0.3,1.5,30,50,6,6.309572697,1612.054443,185.5023041
10,0.3,1.5,30,50,6,10,1542.204102,280.1023865
10,0.3,1.5,30,50,6,0.01,1673.101807,303.9434814
10,0.3,1.5,30,50,6,0.015848933,1901.116455,248.0349121
10,0.3,1.5,30,50,6,0.025118863,2029.706055,253.5332031
10,0.3,1.5,30,50,6,0.039810721,2138.056885,217.9047241
10,0.3,1.5,30,50,6,0.063095748,2214.673828,201.3081207
10,0.3,1.5,30,50,6,0.100000001,2276.740967,187.7868652
10,0.3,1.5,30,50,6,0.158489317,2328.422119,184.0621033
10,0.3,1.5,30,50,6,0.251188636,2376.450439,181.4630127
10,0.3,1.5,30,50,6,0.398107171,2424.387451,180.1629791
10,0.3,1.5,30,50,6,0.630957365,2469.609131,182.1654968
10,0.3,1.5,30,50,6,1,2514.459717,188.2997284
10,0.3,1.5,30,50,6,1.584893227,2555.021729,201.4998779
10,0.3,1.5,30,50,6,2.511886358,2578.710938,224.0017548
10,0.3,1.5,30,50,6,3.981071472,2494.979736,286.0319519
10,0.3,1.5,30,50,6,6.309572697,2562.553711,260.4605713
10,0.3,1.5,30,50,6,10,2617.534668,367.0593872
10,0.3,1.5,30,50,6,0.01,1049.903809,202.2084198
10,0.3,1.5,30,50,6,0.015848933,1190.813843,193.9084167
10,0.3,1.5,30,50,6,0.025118863,1298.634888,183.133606
10,0.3,1.5,30,50,6,0.039810721,1374.69873,172.2228546
10,0.3,1.5,30,50,6,0.063095748,1442.465576,164.2783508
10,0.3,1.5,30,50,6,0.100000001,1496.261353,157.4094391
10,0.3,1.5,30,50,6,0.158489317,1542.6073,152.6832428
10,0.3,1.5,30,50,6,0.251188636,1583.5271,149.8647919
10,0.3,1.5,30,50,6,0.398107171,1622.072388,149.740036
10,0.3,1.5,30,50,6,0.630957365,1654.872925,151.8221893
10,0.3,1.5,30,50,6,1,1692.331909,157.1064606
10,0.3,1.5,30,50,6,1.584893227,1718.123413,168.759552
10,0.3,1.5,30,50,6,2.511886358,1703.510864,197.4153748
10,0.3,1.5,30,50,6,3.981071472,1558.744385,250.9070587
10,0.3,1.5,30,50,6,6.309572697,1807.75293,207.6568146
10,0.3,1.5,30,50,6,10,1951.111328,292.592926
10,0.3,1.5,30,50,6,0.01,836.6077271,205.6836548
10,0.3,1.5,30,50,6,0.015848933,1029.48999,200.5415497
10,0.3,1.5,30,50,6,0.025118863,1163.221069,191.0995178
10,0.3,1.5,30,50,6,0.039810721,1250.923096,185.1548462
10,0.3,1.5,30,50,6,0.063095748,1319.343994,178.088501
10,0.3,1.5,30,50,6,0.100000001,1374.470825,172.3211212
10,0.3,1.5,30,50,6,0.158489317,1424.284058,169.1730499
10,0.3,1.5,30,50,6,0.251188636,1466.146484,166.9062042
10,0.3,1.5,30,50,6,0.398107171,1506.325073,167.806488
10,0.3,1.5,30,50,6,0.630957365,1543.34668,171.0149994
10,0.3,1.5,30,50,6,1,1581.878052,176.4074097
10,0.3,1.5,30,50,6,1.584893227,1606.97168,189.6759491
10,0.3,1.5,30,50,6,2.511886358,1577.348877,221.244751
10,0.3,1.5,30,50,6,3.981071472,1464.672363,264.6411743
10,0.3,1.5,30,50,6,6.309572697,1717.171875,240.5729523
10,0.3,1.5,30,50,6,10,1846.425781,285.1681519
10,0.3,1.5,30,50,6,0.01,1185.465088,289.3953857
10,0.3,1.5,30,50,6,0.015848933,1462.810547,230.2918091
10,0.3,1.5,30,50,6,0.025118863,1605.69397,205.310379
10,0.3,1.5,30,50,6,0.039810721,1704.305786,192.2484741
10,0.3,1.5,30,50,6,0.063095748,1781.550781,179.7244568
10,0.3,1.5,30,50,6,0.100000001,1845.062744,168.6250305
10,0.3,1.5,30,50,6,0.158489317,1899.265625,162.765274
10,0.3,1.5,30,50,6,0.251188636,1945.803223,158.4546509
10,0.3,1.5,30,50,6,0.398107171,1988.051514,156.6010742
10,0.3,1.5,30,50,6,0.630957365,2025.518799,157.1016693
10,0.3,1.5,30,50,6,1,2067.773926,164.0563202
10,0.3,1.5,30,50,6,1.584893227,2103.225098,175.6985931
10,0.3,1.5,30,50,6,2.511886358,2120.417236,195.522522
10,0.3,1.5,30,50,6,3.981071472,1951.706665,270.1116333
10,0.3,1.5,30,50,6,6.309572697,2151.919678,240.0037842
10,0.3,1.5,30,50,6,10,2179.372559,358.0857239
10,0.3,1.5,90,50,6,0.01,3144.900879,354.9623108
10,0.3,1.5,90,50,6,0.015848933,3362.592041,364.7145081
10,0.3,1.5,90,50,6,0.025118863,3500.552002,354.4235229
10,0.3,1.5,90,50,6,0.039810721,3603.82959,279.4587708
10,0.3,1.5,90,50,6,0.063095748,3696.370605,266.8266907
10,0.3,1.5,90,50,6,0.100000001,3766.425537,243.1165161
10,0.3,1.5,90,50,6,0.158489317,3833.567871,221.8450623
10,0.3,1.5,90,50,6,0.251188636,3891.05127,208.2646027
10,0.3,1.5,90,50,6,0.398107171,3945.285156,206.6424103
10,0.3,1.5,90,50,6,0.630957365,3996.454834,204.7433777
10,0.3,1.5,90,50,6,1,4050.068848,208.5401611
10,0.3,1.5,90,50,6,1.584893227,4101.943848,221.320694
10,0.3,1.5,90,50,6,2.511886358,4148.8125,239.8839417
10,0.3,1.5,90,50,6,3.981071472,4181.987305,267.6699829
10,0.3,1.5,90,50,6,6.309572697,3928.458008,376.6417542
10,0.3,1.5,90,50,6,10,4428.666992,595.90979
10,0.3,1.5,90,50,6,0.01,3146.589111,284.2670898
10,0.3,1.5,90,50,6,0.015848933,3305.578613,269.7938538
10,0.3,1.5,90,50,6,0.025118863,3421.422607,320.041687
10,0.3,1.5,90,50,6,0.039810721,3518.221436,283.9009094
10,0.3,1.5,90,50,6,0.063095748,3578.630615,256.0275879
10,0.3,1.5,90,50,6,0.100000001,3636.926514,240.7263184
10,0.3,1.5,90,50,6,0.158489317,3699.262939,208.1870728
10,0.3,1.5,90,50,6,0.251188636,3751.670654,191.1188049
10,0.3,1.5,90,50,6,0.398107171,3803.695068,181.4766235
10,0.3,1.5,90,50,6,0.630957365,3853.893311,190.8957977
10,0.3,1.5,90,50,6,1,3894.567139,193.0374451
10,0.3,1.5,90,50,6,1.584893227,3938.600586,203.171402
10,0.3,1.5,90,50,6,2.511886358,3978.957764,221.2213287
10,0.3,1.5,90,50,6,3.981071472,3988.846191,253.0686798
10,0.3,1.5,90,50,6,6.309572697,3832.191895,312.4916077
10,0.3,1.5,90,50,6,10,4078.695801,518.1386719
10,0.3,1.5,90,50,6,0.01,3478.505371,567.4904175
10,0.3,1.5,90,50,6,0.015848933,3798.558105,409.011322
10,0.3,1.5,90,50,6,0.025118863,3999.41748,352.2207031
10,0.3,1.5,90,50,6,0.039810721,4132.508301,355.7645264
10,0.3,1.5,90,50,6,0.063095748,4248.836914,311.4745789
10,0.3,1.5,90,50,6,0.100000001,4332.520996,296.6139832
10,0.3,1.5,90,50,6,0.158489317,4416.027832,268.2415466
10,0.3,1.5,90,50,6,0.251188636,4485.307617,241.3153687
10,0.3,1.5,90,50,6,0.398107171,4549.405273,230.0028229
10,0.3,1.5,90,50,6,0.630957365,4605.569336,224.9871216
10,0.3,1.5,90,50,6,1,4665.07373,227.1977386
10,0.3,1.5,90,50,6,1.584893227,4718.911133,238.0254822
10,0.3,1.5,90,50,6,2.511886358,4777.296387,256.1818848
10,0.3,1.5,90,50,6,3.981071472,4804.125,283.8210754
10,0.3,1.5,90,50,6,6.309572697,4490.391113,420.9407654
10,0.3,1.5,90,50,6,10,4826.671875,313.4855957
10,0.3,1.5,90,50,6,0.01,2720.877441,360.6934814
10,0.3,1.5,90,50,6,0.015848933,2952.370361,309.2558594
10,0.3,1.5,90,50,6,0.025118863,3119.897217,281.7051086
10,0.3,1.5,90,50,6,0.039810721,3225.857178,254.866806
10,0.3,1.5,90,50,6,0.063095748,3311.903809,225.0398865
10,0.3,1.5,90,50,6,0.100000001,3391.789795,215.6368408
10,0.3,1.5,90,50,6,0.158489317,3454.841064,201.3287964
10,0.3,1.5,90,50,6,0.251188636,3511.387451,190.5483246
10,0.3,1.5,90,50,6,0.398107171,3562.37793,184.2949371
10,0.3,1.5,90,50,6,0.630957365,3611.392822,180.6262054
10,0.3,1.5,90,50,6,1,3658.072998,181.9775848
10,0.3,1.5,90,50,6,1.584893227,3702.298096,190.0813293
10,0.3,1.5,90,50,6,2.511886358,3738.254639,206.8885651
10,0.3,1.5,90,50,6,3.981071472,3737.100342,230.6080475
10,0.3,1.5,90,50,6,6.309572697,3577.209473,302.3852844
10,0.3,1.5,90,50,6,10,3979.758301,377.4207764
10,0.3,1.5,150,50,6,0.01,792.6945801,222.0772552
10,0.3,1.5,150,50,6,0.015848933,1115.900391,210.6776581
10,0.3,1.5,150,50,6,0.025118863,1277.691284,201.4523468
10,0.3,1.5,150,50,6,0.039810721,1379.997925,192.31633
10,0.3,1.5,150,50,6,0.063095748,1459.113037,186.0162659
10,0.3,1.5,150,50,6,0.100000001,1524.792847,178.9026489
10,0.3,1.5,150,50,6,0.158489317,1581.636841,173.6609344
10,0.3,1.5,150,50,6,0.251188636,1632.377686,171.3683929
10,0.3,1.5,150,50,6,0.398107171,1679.722656,171.0887909
10,0.3,1.5,150,50,6,0.630957365,1726.476074,174.0962982
10,0.3,1.5,150,50,6,1,1770.85022,179.0572662
10,0.3,1.5,150,50,6,1.584893227,1809.474731,190.7611847
10,0.3,1.5,150,50,6,2.511886358,1827.071777,213.3505859
10,0.3,1.5,150,50,6,3.981071472,1631.366699,307.4781189
10,0.3,1.5,150,50,6,6.309572697,1872.718262,255.3669739
10,0.3,1.5,150,50,6,10,1930.00293,348.2098083
10,0.3,1.5,150,50,6,0.01,914.8555908,213.0912781
10,0.3,1.5,150,50,6,0.015848933,1146.029297,162.0523834
10,0.3,1.5,150,50,6,0.025118863,1254.508667,155.5088348
10,0.3,1.5,150,50,6,0.039810721,1324.495605,148.9598389
10,0.3,1.5,150,50,6,0.063095748,1381.749023,143.6582489
10,0.3,1.5,150,50,6,0.100000001,1429.316162,138.0585327
10,0.3,1.5,150,50,6,0.158489317,1469.506348,134.0541534
10,0.3,1.5,150,50,6,0.251188636,1506.987061,132.6524658
10,0.3,1.5,150,50,6,0.398107171,1542.488159,133.2776337
10,0.3,1.5,150,50,6,0.630957365,1578.297852,136.6074524
10,0.3,1.5,150,50,6,1,1610.093994,142.0233459
10,0.3,1.5,150,50,6,1.584893227,1638.444458,153.3923492
10,0.3,1.5,150,50,6,2.511886358,1645.342651,174.3477631
10,0.3,1.5,150,50,6,3.981071472,1460.895264,243.8402863
10,0.3,1.5,150,50,6,6.309572697,1723.977295,162.7147217
10,0.3,1.5,150,50,6,10,1718.705078,237.0422668
10,0.3,1.5,150,50,6,0.01,1441.179688,238.6564331
10,0.3,1.5,150,50,6,0.015848933,1671.715698,198.0461884
10,0.3,1.5,150,50,6,0.025118863,1790.603027,174.6161346
10,0.3,1.5,150,50,6,0.039810721,1864.614502,164.4631195
10,0.3,1.5,150,50,6,0.063095748,1924.535645,154.8105621
10,0.3,1.5,150,50,6,0.100000001,1975.35022,149.1272125
10,0.3,1.5,150,50,6,0.158489317,2019.281738,144.987442
10,0.3,1.5,150,50,6,0.251188636,2059.591797,145.2768555
10,0.3,1.5,150,50,6,0.398107171,2099.408691,147.1047363
10,0.3,1.5,150,50,6,0.630957365,2136.765381,151.9244232
10,0.3,1.5,150,50,6,1,2176.115479,161.5890961
10,0.3,1.5,150,50,6,1.584893227,2211.212646,174.7327423
10,0.3,1.5,150,50,6,2.511886358,2234.643799,196.0740509
10,0.3,1.5,150,50,6,3.981071472,2146.065186,262.8354797
10,0.3,1.5,150,50,6,6.309572697,2266.774902,209.3307343
10,0.3,1.5,150,50,6,10,2183.386719,319.2396545
10,0.3,1.5,150,50,6,0.01,1526.96814,179.4642639
10,0.3,1.5,150,50,6,0.015848933,1526.668823,206.5017548
10,0.3,1.5,150,50,6,0.025118863,1647.414795,122.133812
10,0.3,1.5,150,50,6,0.039810721,1714.02832,108.1332245
10,0.3,1.5,150,50,6,0.063095748,1757.138306,104.4216385
10,0.3,1.5,150,50,6,0.100000001,1789.755493,98.2509613
10,0.3,1.5,150,50,6,0.158489317,1822.737915,96.52468109
10,0.3,1.5,150,50,6,0.251188636,1850.739136,99.41951752
10,0.3,1.5,150,50,6,0.398107171,1876.270142,96.98204803
10,0.3,1.5,150,50,6,0.630957365,1902.98291,99.647789
10,0.3,1.5,150,50,6,1,1924.24292,101.0867004
10,0.3,1.5,150,50,6,1.584893227,1942.130615,109.985939
10,0.3,1.5,150,50,6,2.511886358,1949.534668,122.1357956
10,0.3,1.5,150,50,6,3.981071472,1765.623657,209.1875305
10,0.3,1.5,150,50,6,6.309572697,1894.122803,222.6714325
10,0.3,1.5,150,50,6,10,1445.5,133.6759644
10,0.3,1.5,150,50,6,0.01,1068.542114,237.8751984
10,0.3,1.5,150,50,6,0.015848933,1373.588501,181.042923
10,0.3,1.5,150,50,6,0.025118863,1494.463501,161.0671692
10,0.3,1.5,150,50,6,0.039810721,1571.408203,152.6765137
10,0.3,1.5,150,50,6,0.063095748,1632.866699,141.1621094
10,0.3,1.5,150,50,6,0.100000001,1680.440674,136.9138031
10,0.3,1.5,150,50,6,0.158489317,1722.2771,133.4128876
10,0.3,1.5,150,50,6,0.251188636,1760.723877,133.504776
10,0.3,1.5,150,50,6,0.398107171,1797.786133,136.5603485
10,0.3,1.5,150,50,6,0.630957365,1830.294189,142.1117706
10,0.3,1.5,150,50,6,1,1870.031494,150.3877869
10,0.3,1.5,150,50,6,1.584893227,1904.280518,163.530365
10,0.3,1.5,150,50,6,2.511886358,1928.454102,183.5970764
10,0.3,1.5,150,50,6,3.981071472,1835.474365,248.9509888
10,0.3,1.5,150,50,6,6.309572697,2001.122925,213.7736359
10,0.3,1.5,150,50,6,10,2121.003906,322.7964172
10,0.3,2,60,50,6,0.01,3172.686035,400.8260498
10,0.3,2,60,50,6,0.015848933,3309.040039,333.415863
10,0.3,2,60,50,6,0.025118863,3428.186768,278.9004211
10,0.3,2,60,50,6,0.039810721,3509.458252,238.6191711
10,0.3,2,60,50,6,0.063095748,3576.303711,207.489212
10,0.3,2,60,50,6,0.100000001,3635.24707,191.9105988
10,0.3,2,60,50,6,0.158489317,3689.553955,164.7679901
10,0.3,2,60,50,6,0.251188636,3733.266602,148.9517365
10,0.3,2,60,50,6,0.398107171,3769.841797,137.7580261
10,0.3,2,60,50,6,0.630957365,3808.794189,129.964386
10,0.3,2,60,50,6,1,3836.625732,125.6047745
10,0.3,2,60,50,6,1.584893227,3865.7146,126.6579056
10,0.3,2,60,50,6,2.511886358,3889.066162,129.8419189
10,0.3,2,60,50,6,3.981071472,3887.987793,141.2898712
10,0.3,2,60,50,6,6.309572697,3775.225586,117.2411118
10,0.3,2,60,50,6,10,3788.460938,138.1066132
10,0.3,2,60,50,6,0.01,2453.396973,365.6540222
10,0.3,2,60,50,6,0.015848933,2760.855469,317.1138916
10,0.3,2,60,50,6,0.025118863,2927.737305,263.6463623
10,0.3,2,60,50,6,0.039810721,3031.335693,227.3523712
10,0.3,2,60,50,6,0.063095748,3110.463135,205.8590698
10,0.3,2,60,50,6,0.100000001,3177.443359,186.6847229
10,0.3,2,60,50,6,0.158489317,3232.294189,171.110733
10,0.3,2,60,50,6,0.251188636,3280.7229,155.0516968
10,0.3,2,60,50,6,0.398107171,3324.833984,144.1561737
10,0.3,2,60,50,6,0.630957365,3360.230225,136.6361847
10,0.3,2,60,50,6,1,3395.594238,129.768219
10,0.3,2,60,50,6,1.584893227,3426.529785,129.9684296
10,0.3,2,60,50,6,2.511886358,3449.432373,135.2909088
10,0.3,2,60,50,6,3.981071472,3460.166992,144.0077362
10,0.3,2,60,50,6,6.309572697,3367.991211,149.7080841
10,0.3,2,60,50,6,10,3375.654541,143.138031
10,0.3,2,60,50,6,0.01,3646.842285,539.6865234
10,0.3,2,60,50,6,0.015848933,4009.881592,444.6251221
10,0.3,2,60,50,6,0.025118863,4188.318359,370.9395142
10,0.3,2,60,50,6,0.039810721,4317.681641,322.4925842
10,0.3,2,60,50,6,0.063095748,4413.066895,280.4382935
10,0.3,2,60,50,6,0.100000001,4493.87793,247.332901
10,0.3,2,60,50,6,0.158489317,4563.499512,221.7069397
10,0.3,2,60,50,6,0.251188636,4624.740234,199.6082153
10,0.3,2,60,50,6,0.398107171,4676.196289,184.2382507
10,0.3,2,60,50,6,0.630957365,4719.046875,175.1662598
10,0.3,2,60,50,6,1,4769.556152,168.2900391
10,0.3,2,60,50,6,1.584893227,4810.914551,169.298996
10,0.3,2,60,50,6,2.511886358,4846.794922,177.7399902
10,0.3,2,60,50,6,3.981071472,4871.56543,191.8635864
10,0.3,2,60,50,6,6.309572697,4759.977539,193.7257538
10,0.3,2,60,50,6,10,4710.72168,236.6443024
10,0.3,2,60,50,6,0.01,3052.075439,473.175415
10,0.3,2,60,50,6,0.015848933,3425.529053,361.6035461
10,0.3,2,60,50,6,0.025118863,3619.657227,309.9127502
10,0.3,2,60,50,6,0.039810721,3744.836426,270.2379761
10,0.3,2,60,50,6,0.063095748,3842.141602,239.1254425
10,0.3,2,60,50,6,0.100000001,3917.83374,213.8852081
10,0.3,2,60,50,6,0.158489317,3980.440674,192.0785828
10,0.3,2,60,50,6,0.251188636,4037.064697,173.927597
10,0.3,2,60,50,6,0.398107171,4084.515137,160.9224091
10,0.3,2,60,50,6,0.630957365,4124.230957,150.687439
10,0.3,2,60,50,6,1,4163.749023,144.7113037
10,0.3,2,60,50,6,1.584893227,4197.34082,145.541275
10,0.3,2,60,50,6,2.511886358,4219.46875,162.879715
10,0.3,2,60,50,6,3.981071472,4252.224609,170.3812103
10,0.3,2,60,50,6,6.309572697,4153.963379,178.4673004
10,0.3,2,60,50,6,10,4165.166016,176.3336182
10,0.3,2,60,50,6,0.01,3222.921387,352.0888367
10,0.3,2,60,50,6,0.015848933,3570.016846,317.1026917
10,0.3,2,60,50,6,0.025118863,3771.876221,285.7943115
10,0.3,2,60,50,6,0.039810721,3898.658936,260.00177
10,0.3,2,60,50,6,0.063095748,3998.287354,235.4790039
10,0.3,2,60,50,6,0.100000001,4076.272705,215.5917816
10,0.3,2,60,50,6,0.158489317,4145.743652,194.7857208
10,0.3,2,60,50,6,0.251188636,4201.155762,178.0029297
10,0.3,2,60,50,6,0.398107171,4249.208008,164.2251282
10,0.3,2,60,50,6,0.630957365,4298.228516,150.1668396
10,0.3,2,60,50,6,1,4335.125,148.5053558
10,0.3,2,60,50,6,1.584893227,4370.686035,149.1825104
10,0.3,2,60,50,6,2.511886358,4403.696777,156.6991425
10,0.3,2,60,50,6,3.981071472,4420.186523,165.0731354
10,0.3,2,60,50,6,6.309572697,4317.01709,176.4550934
10,0.3,2,60,50,6,10,4310.32373,192.5823059
10,0.3,2,120,50,6,0.01,1851.05542,264.0655212
10,0.3,2,120,50,6,0.015848933,2028.115112,235.6759491
10,0.3,2,120,50,6,0.025118863,2154.450928,209.0214691
10,0.3,2,120,50,6,0.039810721,2242.140137,188.9994812
10,0.3,2,120,50,6,0.063095748,2311.987061,171.4362183
10,0.3,2,120,50,6,0.100000001,2368.701416,155.7510681
10,0.3,2,120,50,6,0.158489317,2416.381104,141.6203461
10,0.3,2,120,50,6,0.251188636,2457.049316,130.6225739
10,0.3,2,120,50,6,0.398107171,2492.48877,122.2427444
10,0.3,2,120,50,6,0.630957365,2520.932861,116.7585068
10,0.3,2,120,50,6,1,2553.525635,114.6310272
10,0.3,2,120,50,6,1.584893227,2580.411865,117.7812958
10,0.3,2,120,50,6,2.511886358,2604.13916,125.7296677
10,0.3,2,120,50,6,3.981071472,2611.708984,138.5102844
10,0.3,2,120,50,6,6.309572697,2481.442627,179.2406311
10,0.3,2,120,50,6,10,2543.097656,174.1031494
10,0.3,2,120,50,6,0.01,1440.388062,293.5224915
10,0.3,2,120,50,6,0.015848933,1682.786499,238.6750183
10,0.3,2,120,50,6,0.025118863,1823.591309,208.1121521
10,0.3,2,120,50,6,0.039810721,1917.750122,186.3802338
10,0.3,2,120,50,6,0.063095748,1990.807007,168.0255432
10,0.3,2,120,50,6,0.100000001,2049.624268,152.2473145
10,0.3,2,120,50,6,0.158489317,2098.080322,138.5624542
10,0.3,2,120,50,6,0.251188636,2138.837158,127.5310059
10,0.3,2,120,50,6,0.398107171,2174.477783,119.3586426
10,0.3,2,120,50,6,0.630957365,2206.592285,114.300827
10,0.3,2,120,50,6,1,2235.520508,112.1216202
10,0.3,2,120,50,6,1.584893227,2262.41333,114.3411255
10,0.3,2,120,50,6,2.511886358,2285.429688,122.9303131
10,0.3,2,120,50,6,3.981071472,2296.677979,137.667099
10,0.3,2,120,50,6,6.309572697,2033.534424,210.0179138
10,0.3,2,120,50,6,10,2380.838379,129.8696442
10,0.3,2,120,50,6,0.01,1643.900757,274.3962708
10,0.3,2,120,50,6,0.015848933,1824.540405,234.9292297
10,0.3,2,120,50,6,0.025118863,1946.960083,202.5672607
10,0.3,2,120,50,6,0.039810721,2028.688599,178.8270264
10,0.3,2,120,50,6,0.063095748,2092.372559,159.6526337
10,0.3,2,120,50,6,0.100000001,2144.098145,143.937439
10,0.3,2,120,50,6,0.158489317,2187.041016,130.9338226
10,0.3,2,120,50,6,0.251188636,2223.577393,121.0836945
10,0.3,2,120,50,6,0.398107171,2255.571045,114.1513672
10,0.3,2,120,50,6,0.630957365,2288.353271,108.1552124
10,0.3,2,120,50,6,1,2313.830811,108.9581604
10,0.3,2,120,50,6,1.584893227,2338.864258,113.1315155
10,0.3,2,120,50,6,2.511886358,2361.116455,120.9841309
10,0.3,2,120,50,6,3.981071472,2367.426514,136.2375336
10,0.3,2,120,50,6,6.309572697,2132.084717,205.0495758
10,0.3,2,120,50,6,10,2306.17041,150.4564209
10,0.3,2,120,50,6,0.01,1368.485962,277.5671082
10,0.3,2,120,50,6,0.015848933,1569.682373,232.0905151
10,0.3,2,120,50,6,0.025118863,1694.724243,199.8397827
10,0.3,2,120,50,6,0.039810721,1775.024536,181.6256256
10,0.3,2,120,50,6,0.063095748,1837.561523,159.8760376
10,0.3,2,120,50,6,0.100000001,1889.27417,144.7327423
10,0.3,2,120,50,6,0.158489317,1932.328979,132.733902
10,0.3,2,120,50,6,0.251188636,1969.513916,123.2010422
10,0.3,2,120,50,6,0.398107171,2001.876099,117.4311523
10,0.3,2,120,50,6,0.630957365,2030.230957,113.8902435
10,0.3,2,120,50,6,1,2061.041504,113.5389862
10,0.3,2,120,50,6,1.584893227,2087.135742,117.8107376
10,0.3,2,120,50,6,2.511886358,2107.945068,126.8574066
10,0.3,2,120,50,6,3.981071472,2110.162842,142.4158173
10,0.3,2,120,50,6,6.309572697,1909.867188,206.5281525
10,0.3,2,120,50,6,10,2137.777588,204.3858032
10,0.3,2,120,50,6,0.01,1394.545532,252.0019531
10,0.3,2,120,50,6,0.015848933,1594.123535,222.1971741
10,0.3,2,120,50,6,0.025118863,1724.4375,199.2527466
10,0.3,2,120,50,6,0.039810721,1811.03833,178.6781616
10,0.3,2,120,50,6,0.063095748,1878.775757,161.6037903
10,0.3,2,120,50,6,0.100000001,1933.956421,146.9060211
10,0.3,2,120,50,6,0.158489317,1979.753662,134.6177826
10,0.3,2,120,50,6,0.251188636,2018.473145,124.5498657
10,0.3,2,120,50,6,0.398107171,2052.598145,118.1450577
10,0.3,2,120,50,6,0.630957365,2084.166504,114.1885529
10,0.3,2,120,50,6,1,2113.737549,113.0372696
10,0.3,2,120,50,6,1.584893227,2139.941406,116.680748
10,0.3,2,120,50,6,2.511886358,2162.019531,126.0477448
10,0.3,2,120,50,6,3.981071472,2168.990234,141.6811676
10,0.3,2,120,50,6,6.309572697,1947.999634,208.8700867
10,0.3,2,120,50,6,10,2190.201904,116.5536957
10,0.3,2,120,50,6,0.01,1179.718384,247.1758728
10,0.3,2,120,50,6,0.015848933,1385.762329,225.3152161
10,0.3,2,120,50,6,0.025118863,1518.38855,202.7695618
10,0.3,2,120,50,6,0.039810721,1606.260742,184.1575623
10,0.3,2,120,50,6,0.063095748,1675.435913,167.4116821
10,0.3,2,120,50,6,0.100000001,1730.914307,153.4978638
10,0.3,2,120,50,6,0.158489317,1777.439819,141.1689301
10,0.3,2,120,50,6,0.251188636,1817.522095,131.3753204
10,0.3,2,120,50,6,0.398107171,1852.956177,125.1645432
10,0.3,2,120,50,6,0.630957365,1886.018555,119.7923126
10,0.3,2,120,50,6,1,1915.65979,120.2567368
10,0.3,2,120,50,6,1.584893227,1944.391235,123.9805374
10,0.3,2,120,50,6,2.511886358,1966.640869,133.5449066
10,0.3,2,120,50,6,3.981071472,1965.935059,151.2266083
10,0.3,2,120,50,6,6.309572697,1812.047485,205.1209717
10,0.3,2,120,50,6,10,1994.830078,207.6224976
12.5,0.2,2,30,50,6,0.01,4528.194824,478.8778687
12.5,0.2,2,30,50,6,0.015848933,4711.632813,410.2800293
12.5,0.2,2,30,50,6,0.025118863,4864.76709,352.885498
12.5,0.2,2,30,50,6,0.039810721,4977.445313,312.0054932
12.5,0.2,2,30,50,6,0.063095748,5065.15918,275.8964844
12.5,0.2,2,30,50,6,0.100000001,5150.527344,252.8877258
12.5,0.2,2,30,50,6,0.158489317,5217.984863,231.9805908
12.5,0.2,2,30,50,6,0.251188636,5281.981934,214.7819519
12.5,0.2,2,30,50,6,0.398107171,5340.365234,207.8466797
12.5,0.2,2,30,50,6,0.630957365,5395.245117,207.3812408
12.5,0.2,2,30,50,6,1,5454.70459,207.5760193
12.5,0.2,2,30,50,6,1.584893227,5507.181641,216.2367554
12.5,0.2,2,30,50,6,2.511886358,5559.089355,235.7667389
12.5,0.2,2,30,50,6,3.981071472,5592.289063,258.6197815
12.5,0.2,2,30,50,6,6.309572697,5486.644531,258.8018799
12.5,0.2,2,30,50,6,10,5497.137695,289.3508606
12.5,0.2,2,30,50,6,0.01,4804.403809,459.6029968
12.5,0.2,2,30,50,6,0.015848933,5019.23584,372.5046997
12.5,0.2,2,30,50,6,0.025118863,5164.691895,323.495697
12.5,0.2,2,30,50,6,0.039810721,5271.433105,286.4511414
12.5,0.2,2,30,50,6,0.063095748,5369.53418,264.7631531
12.5,0.2,2,30,50,6,0.100000001,5442.944336,244.6585541
12.5,0.2,2,30,50,6,0.158489317,5517.359863,235.0473328
12.5,0.2,2,30,50,6,0.251188636,5580.913086,227.2495728
12.5,0.2,2,30,50,6,0.398107171,5643.878418,222.6774292
12.5,0.2,2,30,50,6,0.630957365,5701.09082,228.294342
12.5,0.2,2,30,50,6,1,5763.976074,233.6426697
12.5,0.2,2,30,50,6,1.584893227,5824.543945,249.4529572
12.5,0.2,2,30,50,6,2.511886358,5884.419922,273.436676
12.5,0.2,2,30,50,6,3.981071472,5934.62207,304.3415527
12.5,0.2,2,30,50,6,6.309572697,5834.201172,306.9781799
12.5,0.2,2,30,50,6,10,5843.680664,348.2569885
12.5,0.2,2,30,50,6,0.01,4929.90625,263.7672729
12.5,0.2,2,30,50,6,0.015848933,5110.656738,278.5239563
12.5,0.2,2,30,50,6,0.025118863,5222.337891,245.2533112
12.5,0.2,2,30,50,6,0.039810721,5299.554199,236.0363922
12.5,0.2,2,30,50,6,0.063095748,5362.768555,211.5179901
12.5,0.2,2,30,50,6,0.100000001,5425.939941,201.2787323
12.5,0.2,2,30,50,6,0.158489317,5486.135254,185.7290649
12.5,0.2,2,30,50,6,0.251188636,5530.646484,172.925705
12.5,0.2,2,30,50,6,0.398107171,5572.248047,164.9903412
12.5,0.2,2,30,50,6,0.630957365,5619.290527,162.2711029
12.5,0.2,2,30,50,6,1,5659.89502,163.2281647
12.5,0.2,2,30,50,6,1.584893227,5700.893066,169.7256317
12.5,0.2,2,30,50,6,2.511886358,5737.01709,176.4589081
12.5,0.2,2,30,50,6,3.981071472,5756.008789,207.04422
12.5,0.2,2,30,50,6,6.309572697,5630.930176,161.7651215
12.5,0.2,2,30,50,6,10,5655.887695,210.8768311
12.5,0.2,2,30,50,6,0.01,5887.503418,415.4437256
12.5,0.2,2,30,50,6,0.015848933,6045.867676,372.0880432
12.5,0.2,2,30,50,6,0.025118863,6150.742188,325.5883179
12.5,0.2,2,30,50,6,0.039810721,6254.195801,291.5001831
12.5,0.2,2,30,50,6,0.063095748,6332.412598,263.9271851
12.5,0.2,2,30,50,6,0.100000001,6400.388672,239.8966675
12.5,0.2,2,30,50,6,0.158489317,6462.825195,221.0600128
12.5,0.2,2,30,50,6,0.251188636,6513.429688,203.1312866
12.5,0.2,2,30,50,6,0.398107171,6554.708984,192.287262
12.5,0.2,2,30,50,6,0.630957365,6604.153809,187.1644287
12.5,0.2,2,30,50,6,1,6652.37207,183.6660767
12.5,0.2,2,30,50,6,1.584893227,6695.296387,186.5593414
12.5,0.2,2,30,50,6,2.511886358,6718.908203,198.4310913
12.5,0.2,2,30,50,6,3.981071472,6768.627441,211.764801
12.5,0.2,2,30,50,6,6.309572697,6659.782227,229.8487854
12.5,0.2,2,30,50,6,10,6495.912109,295.9818726
12.5,0.2,2,90,50,6,0.01,1325.326294,227.265625
12.5,0.2,2,90,50,6,0.015848933,1629.628174,213.7005768
12.5,0.2,2,90,50,6,0.025118863,1817.098145,201.3440704
12.5,0.2,2,90,50,6,0.039810721,1936.169922,185.9047852
12.5,0.2,2,90,50,6,0.063095748,2025.035645,176.9085999
12.5,0.2,2,90,50,6,0.100000001,2095.574219,170.778595
12.5,0.2,2,90,50,6,0.158489317,2155.231689,166.7554779
12.5,0.2,2,90,50,6,0.251188636,2209.584473,166.2035065
12.5,0.2,2,90,50,6,0.398107171,2260.151367,168.7567291
12.5,0.2,2,90,50,6,0.630957365,2309.476563,174.0292053
12.5,0.2,2,90,50,6,1,2359.924561,183.12146
12.5,0.2,2,90,50,6,1.584893227,2409.790771,197.1501007
12.5,0.2,2,90,50,6,2.511886358,2457.291504,216.0803528
12.5,0.2,2,90,50,6,3.981071472,2487.369873,243.8658905
12.5,0.2,2,90,50,6,6.309572697,2389.2229,305.8847046
12.5,0.2,2,90,50,6,10,2500.057129,285.8594055
12.5,0.2,2,90,50,6,0.01,1788.429565,256.8641052
12.5,0.2,2,90,50,6,0.015848933,2044.818848,232.9111176
12.5,0.2,2,90,50,6,0.025118863,2214.881348,212.6429901
12.5,0.2,2,90,50,6,0.039810721,2337.271729,196.0878601
12.5,0.2,2,90,50,6,0.063095748,2430.320557,183.732605
12.5,0.2,2,90,50,6,0.100000001,2499.927002,175.7336121
12.5,0.2,2,90,50,6,0.158489317,2560.189941,170.3154755
12.5,0.2,2,90,50,6,0.251188636,2615.249756,167.2277222
12.5,0.2,2,90,50,6,0.398107171,2664.122314,167.1022797
12.5,0.2,2,90,50,6,0.630957365,2711.876709,172.0872345
12.5,0.2,2,90,50,6,1,2760.18042,179.3282471
12.5,0.2,2,90,50,6,1.584893227,2809.516602,192.2050476
12.5,0.2,2,90,50,6,2.511886358,2857.802734,210.8123779
12.5,0.2,2,90,50,6,3.981071472,2894.242676,234.5205383
12.5,0.2,2,90,50,6,6.309572697,2744.537354,310.4598999
12.5,0.2,2,90,50,6,10,2982.375488,278.8897705
12.5,0.2,2,90,50,6,0.01,1538.740601,203.2105713
12.5,0.2,2,90,50,6,0.015848933,1749.681152,197.8922424
12.5,0.2,2,90,50,6,0.025118863,1904.807251,183.9564667
12.5,0.2,2,90,50,6,0.039810721,2007.506348,173.7394257
12.5,0.2,2,90,50,6,0.063095748,2087.147949,163.7550659
12.5,0.2,2,90,50,6,0.100000001,2151.787354,156.3466949
12.5,0.2,2,90,50,6,0.158489317,2206.564941,151.9828644
12.5,0.2,2,90,50,6,0.251188636,2254.619141,149.5443268
12.5,0.2,2,90,50,6,0.398107171,2299.693604,150.0124207
12.5,0.2,2,90,50,6,0.630957365,2344.892334,154.0095215
12.5,0.2,2,90,50,6,1,2387.459473,160.2527466
12.5,0.2,2,90,50,6,1.584893227,2431.130859,171.4535065
12.5,0.2,2,90,50,6,2.511886358,2470.469727,187.4994202
12.5,0.2,2,90,50,6,3.981071472,2497.604736,208.2083588
12.5,0.2,2,90,50,6,6.309572697,2408.557861,260.4396057
12.5,0.2,2,90,50,6,10,2545.111816,201.7582703
12.5,0.2,2,90,50,6,0.01,1586.855713,255.3437653
12.5,0.2,2,90,50,6,0.015848933,1775.118408,218.1051941
12.5,0.2,2,90,50,6,0.025118863,1898.042114,193.8733673
12.5,0.2,2,90,50,6,0.039810721,1980.295776,174.6257935
12.5,0.2,2,90,50,6,0.063095748,2051.222412,159.385025
12.5,0.2,2,90,50,6,0.100000001,2103.224121,147.8670349
12.5,0.2,2,90,50,6,0.158489317,2148.258545,138.6020508
12.5,0.2,2,90,50,6,0.251188636,2188.346436,133.5475616
12.5,0.2,2,90,50,6,0.398107171,2225.437012,131.3719025
12.5,0.2,2,90,50,6,0.630957365,2262.74292,133.1782532
12.5,0.2,2,90,50,6,1,2296.592773,137.1222687
12.5,0.2,2,90,50,6,1.584893227,2331.462402,146.1466217
12.5,0.2,2,90,50,6,2.511886358,2366.368164,160.1919708
12.5,0.2,2,90,50,6,3.981071472,2383.27417,181.5101471
12.5,0.2,2,90,50,6,6.309572697,2291.395264,224.661026
12.5,0.2,2,90,50,6,10,2500.972412,222.9884949
12.5,0.2,2,150,50,6,0.01,591.2501831,114.7541199
12.5,0.2,2,150,50,6,0.015848933,707.5136108,95.37522888
12.5,0.2,2,150,50,6,0.025118863,774.2487183,83.96588135
12.5,0.2,2,150,50,6,0.039810721,824.2037964,75.44429016
12.5,0.2,2,150,50,6,0.063095748,860.6564941,73.57785797
12.5,0.2,2,150,50,6,0.100000001,888.0015259,71.18609619
12.5,0.2,2,150,50,6,0.158489317,911.5101318,69.07794189
12.5,0.2,2,150,50,6,0.251188636,932.6244507,68.43692017
12.5,0.2,2,150,50,6,0.398107171,952.9525146,68.81515503
12.5,0.2,2,150,50,6,0.630957365,971.8166504,71.46516418
12.5,0.2,2,150,50,6,1,991.7833862,75.38149261
12.5,0.2,2,150,50,6,1.584893227,1011.406433,81.84870148
12.5,0.2,2,150,50,6,2.511886358,1029.509521,91.17664337
12.5,0.2,2,150,50,6,3.981071472,1040.016357,104.3506393
12.5,0.2,2,150,50,6,6.309572697,1015.438538,123.2804337
12.5,0.2,2,150,50,6,10,1084.412231,98.26226807
12.5,0.2,2,150,50,6,0.01,475.2637024,96.18482208
12.5,0.2,2,150,50,6,0.015848933,582.3062744,90.5836792
12.5,0.2,2,150,50,6,0.025118863,649.7647705,83.94178772
12.5,0.2,2,150,50,6,0.039810721,693.805481,78.25135803
12.5,0.2,2,150,50,6,0.063095748,726.6633301,73.32930756
12.5,0.2,2,150,50,6,0.100000001,753.9404297,70.48834991
12.5,0.2,2,150,50,6,0.158489317,778.0673218,68.64529419
12.5,0.2,2,150,50,6,0.251188636,798.3839111,70.18526459
12.5,0.2,2,150,50,6,0.398107171,817.8293457,69.62086487
12.5,0.2,2,150,50,6,0.630957365,836.7704468,72.28412628
12.5,0.2,2,150,50,6,1,856.8477783,76.57984161
12.5,0.2,2,150,50,6,1.584893227,876.1966553,83.31417847
12.5,0.2,2,150,50,6,2.511886358,892.1223145,93.30580139
12.5,0.2,2,150,50,6,3.981071472,886.8584595,110.9404144
12.5,0.2,2,150,50,6,6.309572697,905.7369995,113.0204926
12.5,0.2,2,150,50,6,10,947.1552734,134.5122986
12.5,0.2,2,150,50,6,0.01,494.2931213,105.5084915
12.5,0.2,2,150,50,6,0.015848933,630.2508545,103.7110214
12.5,0.2,2,150,50,6,0.025118863,716.536499,99.5772171
12.5,0.2,2,150,50,6,0.039810721,772.0349731,93.96711731
12.5,0.2,2,150,50,6,0.063095748,820.6035156,88.05530548
12.5,0.2,2,150,50,6,0.100000001,852.0349121,85.41756439
12.5,0.2,2,150,50,6,0.158489317,881.7132568,82.33209991
12.5,0.2,2,150,50,6,0.251188636,906.8634644,81.18711853
12.5,0.2,2,150,50,6,0.398107171,930.3706055,81.54469299
12.5,0.2,2,150,50,6,0.630957365,952.4083252,83.3529129
12.5,0.2,2,150,50,6,1,976.2284546,86.87981415
12.5,0.2,2,150,50,6,1.584893227,999.1204224,93.1068573
12.5,0.2,2,150,50,6,2.511886358,1020.00824,102.5978394
12.5,0.2,2,150,50,6,3.981071472,1025.148193,117.6314545
12.5,0.2,2,150,50,6,6.309572697,1010.953552,132.0159454
12.5,0.2,2,150,50,6,10,1088.79126,118.6335373
12.5,0.2,2,150,50,6,0.01,252.0660706,69.06576538
12.5,0.2,2,150,50,6,0.015848933,350.8938293,83.96463776
12.5,0.2,2,150,50,6,0.025118863,421.9580688,88.31803894
12.5,0.2,2,150,50,6,0.039810721,470.4685974,88.59545898
12.5,0.2,2,150,50,6,0.063095748,509.6410522,87.10066986
12.5,0.2,2,150,50,6,0.100000001,542.2653809,85.88801575
12.5,0.2,2,150,50,6,0.158489317,571.1576538,84.557724
12.5,0.2,2,150,50,6,0.251188636,597.6051025,84.76212311
12.5,0.2,2,150,50,6,0.398107171,622.8672485,85.95779419
12.5,0.2,2,150,50,6,0.630957365,647.9172363,88.01130676
12.5,0.2,2,150,50,6,1,672.8411255,91.74273682
12.5,0.2,2,150,50,6,1.584893227,696.4772949,97.92433929
12.5,0.2,2,150,50,6,2.511886358,714.3228149,107.7805786
12.5,0.2,2,150,50,6,3.981071472,687.9651489,134.7670288
12.5,0.2,2,150,50,6,6.309572697,748.5171509,120.3351517
12.5,0.2,2,150,50,6,10,974.8044434,302.7223816
12.5,0.2,2,150,50,6,0.01,965.791626,146.2793732
12.5,0.2,2,150,50,6,0.015848933,1103.487549,132.2952728
12.5,0.2,2,150,50,6,0.025118863,1197.56604,123.7000275
12.5,0.2,2,150,50,6,0.039810721,1260.318604,114.1464233
12.5,0.2,2,150,50,6,0.063095748,1308.505737,106.9013596
12.5,0.2,2,150,50,6,0.100000001,1347.690796,101.5305481
12.5,0.2,2,150,50,6,0.158489317,1381.051392,98.37310791
12.5,0.2,2,150,50,6,0.251188636,1410.872559,97.07714844
12.5,0.2,2,150,50,6,0.398107171,1438.411255,97.99812317
12.5,0.2,2,150,50,6,0.630957365,1464.155396,101.244606
12.5,0.2,2,150,50,6,1,1493.058716,106.5715561
12.5,0.2,2,150,50,6,1.584893227,1519.532227,115.7301331
12.5,0.2,2,150,50,6,2.511886358,1541.098511,128.1750336
12.5,0.2,2,150,50,6,3.981071472,1534.667358,150.2084198
12.5,0.2,2,150,50,6,6.309572697,1554.849365,149.9425659
12.5,0.2,2,150,50,6,10,1588.040039,161.520874
12.5,0.2,2,150,50,6,0.01,744.6514893,132.2282715
12.5,0.2,2,150,50,6,0.015848933,862.4468994,120.9237595
12.5,0.2,2,150,50,6,0.025118863,944.6965942,112.0633545
12.5,0.2,2,150,50,6,0.039810721,1004.882019,104.1078262
12.5,0.2,2,150,50,6,0.063095748,1050.482666,98.00974274
12.5,0.2,2,150,50,6,0.100000001,1084.310425,94.00469208
12.5,0.2,2,150,50,6,0.158489317,1114.183105,91.57283783
12.5,0.2,2,150,50,6,0.251188636,1141.233643,91.04009247
12.5,0.2,2,150,50,6,0.398107171,1166.678589,92.31468964
12.5,0.2,2,150,50,6,0.630957365,1192.060425,95.49769592
12.5,0.2,2,150,50,6,1,1217.378906,100.7284775
12.5,0.2,2,150,50,6,1.584893227,1241.297852,109.3337021
12.5,0.2,2,150,50,6,2.511886358,1258.504639,122.0700302
12.5,0.2,2,150,50,6,3.981071472,1210.087524,156.7904358
12.5,0.2,2,150,50,6,6.309572697,1295.216553,134.5161896
12.5,0.2,2,150,50,6,10,1360.37793,193.5074615
12.5,0.3,2,30,50,6,0.01,9433.217773,795.046875
12.5,0.3,2,30,50,6,0.015848933,9719.442383,670.0725098
12.5,0.3,2,30,50,6,0.025118863,9963.720703,572.2164307
12.5,0.3,2,30,50,6,0.039810721,10118.18848,513.5446777
12.5,0.3,2,30,50,6,0.063095748,10249.03125,452.8851929
12.5,0.3,2,30,50,6,0.100000001,10359.30273,415.2443237
12.5,0.3,2,30,50,6,0.158489317,10457.08301,369.4201355
12.5,0.3,2,30,50,6,0.251188636,10550.70801,338.0104065
12.5,0.3,2,30,50,6,0.398107171,10631.9668,307.7046814
12.5,0.3,2,30,50,6,0.630957365,10700.39551,289.9040222
12.5,0.3,2,30,50,6,1,10770.43848,272.9369202
12.5,0.3,2,30,50,6,1.584893227,10842.55469,271.199585
12.5,0.3,2,30,50,6,2.511886358,10892.59863,279.8987732
12.5,0.3,2,30,50,6,3.981071472,10943.03711,307.340271
12.5,0.3,2,30,50,6,6.309572697,10721.24219,275.0236816
12.5,0.3,2,30,50,6,10,10756.04688,304.4337769
12.5,0.3,2,30,50,6,0.01,8788.270508,881.5801392
12.5,0.3,2,30,50,6,0.015848933,9079.032227,742.0369873
12.5,0.3,2,30,50,6,0.025118863,9278.02832,598.6624146
12.5,0.3,2,30,50,6,0.039810721,9410.140625,528.5366211
12.5,0.3,2,30,50,6,0.063095748,9560.964844,459.1750183
12.5,0.3,2,30,50,6,0.100000001,9657.427734,399.0096436
12.5,0.3,2,30,50,6,0.158489317,9743.719727,349.2973328
12.5,0.3,2,30,50,6,0.251188636,9824.482422,311.2207031
12.5,0.3,2,30,50,6,0.398107171,9902.393555,282.5275269
12.5,0.3,2,30,50,6,0.630957365,9981.163086,260.4077148
12.5,0.3,2,30,50,6,1,10019.95996,238.3285065
12.5,0.3,2,30,50,6,1.584893227,10076.40918,233.4588928
12.5,0.3,2,30,50,6,2.511886358,10130.35254,235.3556671
12.5,0.3,2,30,50,6,3.981071472,10172.49707,248.5041351
12.5,0.3,2,30,50,6,6.309572697,10016.83105,239.4799805
12.5,0.3,2,30,50,6,10,10112.03711,290.3190918
12.5,0.3,2,30,50,6,0.01,8394.345703,941.0859985
12.5,0.3,2,30,50,6,0.015848933,8680.056641,802.9153442
12.5,0.3,2,30,50,6,0.025118863,8906.625,693.2427979
12.5,0.3,2,30,50,6,0.039810721,9091.363281,604.4662476
12.5,0.3,2,30,50,6,0.063095748,9240.064453,531.3882446
12.5,0.3,2,30,50,6,0.100000001,9374.350586,464.4459839
12.5,0.3,2,30,50,6,0.158489317,9500.223633,416.90625
12.5,0.3,2,30,50,6,0.251188636,9596.267578,370.6312256
12.5,0.3,2,30,50,6,0.398107171,9700.830078,336.4761047
12.5,0.3,2,30,50,6,0.630957365,9796.882813,312.1059265
12.5,0.3,2,30,50,6,1,9871.419922,294.3013306
12.5,0.3,2,30,50,6,1.584893227,9943.946289,290.1713257
12.5,0.3,2,30,50,6,2.511886358,10021.41992,296.0968628
12.5,0.3,2,30,50,6,3.981071472,10092.08105,323.1795044
12.5,0.3,2,30,50,6,6.309572697,9976.333984,310.6363525
12.5,0.3,2,30,50,6,10,10013.89063,341.2055054
12.5,0.3,2,30,50,6,0.01,7765.133789,1087.255737
12.5,0.3,2,30,50,6,0.015848933,8174.509766,716.680481
12.5,0.3,2,30,50,6,0.025118863,8404.648438,580.2745361
12.5,0.3,2,30,50,6,0.039810721,8584.426758,486.0348206
12.5,0.3,2,30,50,6,0.063095748,8746.080078,440.0115051
12.5,0.3,2,30,50,6,0.100000001,8874.160156,401.4046021
12.5,0.3,2,30,50,6,0.158489317,8983.931641,366.594635
12.5,0.3,2,30,50,6,0.251188636,9092.709961,331.7682495
12.5,0.3,2,30,50,6,0.398107171,9167.845703,307.5998535
12.5,0.3,2,30,50,6,0.630957365,9235.803711,285.4942627
12.5,0.3,2,30,50,6,1,9308.483398,269.4815063
12.5,0.3,2,30,50,6,1.584893227,9367.167969,262.1959534
12.5,0.3,2,30,50,6,2.511886358,9426.985352,272.5749207
12.5,0.3,2,30,50,6,3.981071472,9461.835938,285.2125244
12.5,0.3,2,30,50,6,6.309572697,9358.748047,294.8638
12.5,0.3,2,30,50,6,10,9426.743164,294.3720093
12.5,0.3,2,30,50,6,0.01,6978.910645,1198.765625
12.5,0.3,2,30,50,6,0.015848933,7424.351074,764.3306885
12.5,0.3,2,30,50,6,0.025118863,7621.401855,622.3644409
12.5,0.3,2,30,50,6,0.039810721,7793.037109,515.3118286
12.5,0.3,2,30,50,6,0.063095748,7929.534668,454.894043
12.5,0.3,2,30,50,6,0.100000001,8054.826172,409.2543335
12.5,0.3,2,30,50,6,0.158489317,8158.773438,382.1844482
12.5,0.3,2,30,50,6,0.251188636,8247.837891,348.4599915
12.5,0.3,2,30,50,6,0.398107171,8312.722656,325.4680176
12.5,0.3,2,30,50,6,0.630957365,8389.700195,293.9127502
12.5,0.3,2,30,50,6,1,8451.910156,272.7323608
12.5,0.3,2,30,50,6,1.584893227,8521.290039,267.5601501
12.5,0.3,2,30,50,6,2.511886358,8575.665039,273.5753174
12.5,0.3,2,30,50,6,3.981071472,8597.476563,287.454071
12.5,0.3,2,30,50,6,6.309572697,8477.400391,279.6707458
12.5,0.3,2,30,50,6,10,8506.836914,290.9714355
12.5,0.3,2,30,50,6,0.01,8639.697266,1143.934448
12.5,0.3,2,30,50,6,0.015848933,9111.519531,799.4001465
12.5,0.3,2,30,50,6,0.025118863,9393.644531,629.223877
12.5,0.3,2,30,50,6,0.039810721,9629.304688,535.4725342
12.5,0.3,2,30,50,6,0.063095748,9825.043945,478.6760559
12.5,0.3,2,30,50,6,0.100000001,9963.779297,443.0048828
12.5,0.3,2,30,50,6,0.158489317,10093.91309,404.9738464
12.5,0.3,2,30,50,6,0.251188636,10217.27637,370.9605713
12.5,0.3,2,30,50,6,0.398107171,10313.1582,341.4268799
12.5,0.3,2,30,50,6,0.630957365,10409.87891,325.5855408
12.5,0.3,2,30,50,6,1,10486.40332,307.7790222
12.5,0.3,2,30,50,6,1.584893227,10567.47949,307.592804
12.5,0.3,2,30,50,6,2.511886358,10634.53613,311.1245422
12.5,0.3,2,30,50,6,3.981071472,10707.03223,342.8368225
12.5,0.3,2,30,50,6,6.309572697,10549.92871,322.7000732
12.5,0.3,2,30,50,6,10,10618.74609,344.0535889
12.5,0.3,2,90,50,6,0.01,3906.867676,482.4191284
12.5,0.3,2,90,50,6,0.015848933,4326.322266,420.4298706
12.5,0.3,2,90,50,6,0.025118863,4569.941406,389.9552612
12.5,0.3,2,90,50,6,0.039810721,4742.6875,350.6799927
12.5,0.3,2,90,50,6,0.063095748,4863.435547,325.2362671
12.5,0.3,2,90,50,6,0.100000001,4968.311035,308.9285889
12.5,0.3,2,90,50,6,0.158489317,5063.742676,290.616394
12.5,0.3,2,90,50,6,0.251188636,5141.871094,278.4884338
12.5,0.3,2,90,50,6,0.398107171,5221.584961,270.6421509
12.5,0.3,2,90,50,6,0.630957365,5300.195313,268.7056274
12.5,0.3,2,90,50,6,1,5375.998047,272.1026306
12.5,0.3,2,90,50,6,1.584893227,5449.712891,284.4641418
12.5,0.3,2,90,50,6,2.511886358,5523.679199,306.6570435
12.5,0.3,2,90,50,6,3.981071472,5595.764648,340.012085
12.5,0.3,2,90,50,6,6.309572697,5543.227539,345.0570068
12.5,0.3,2,90,50,6,10,5486.029297,430.546875
12.5,0.3,2,90,50,6,0.01,3418.965088,472.7468872
12.5,0.3,2,90,50,6,0.015848933,3801.703125,401.8467407
12.5,0.3,2,90,50,6,0.025118863,4031.518555,354.352417
12.5,0.3,2,90,50,6,0.039810721,4188.592773,315.2993774
12.5,0.3,2,90,50,6,0.063095748,4306.425781,285.9067993
12.5,0.3,2,90,50,6,0.100000001,4403.83252,258.9721069
12.5,0.3,2,90,50,6,0.158489317,4482.970215,239.7528381
12.5,0.3,2,90,50,6,0.251188636,4553.018066,223.8901367
12.5,0.3,2,90,50,6,0.398107171,4614.756836,211.0930023
12.5,0.3,2,90,50,6,0.630957365,4673.026367,208.6341553
12.5,0.3,2,90,50,6,1,4726.719727,206.370224
12.5,0.3,2,90,50,6,1.584893227,4781.405762,210.1018982
12.5,0.3,2,90,50,6,2.511886358,4838.548828,223.3442688
12.5,0.3,2,90,50,6,3.981071472,4876.928711,251.1952057
12.5,0.3,2,90,50,6,6.309572697,4813.066895,247.0463257
12.5,0.3,2,90,50,6,10,4841.566895,293.8213196
12.5,0.3,2,90,50,6,0.01,3234.375244,486.9675293
12.5,0.3,2,90,50,6,0.015848933,3567.885742,406.6928101
12.5,0.3,2,90,50,6,0.025118863,3773.388916,349.8969421
12.5,0.3,2,90,50,6,0.039810721,3912.686768,308.0420837
12.5,0.3,2,90,50,6,0.063095748,4019.458252,282.8962402
12.5,0.3,2,90,50,6,0.100000001,4111.633301,256.6329651
12.5,0.3,2,90,50,6,0.158489317,4188.074707,238.6700592
12.5,0.3,2,90,50,6,0.251188636,4257.071777,223.3199158
12.5,0.3,2,90,50,6,0.398107171,4319.787109,214.380249
12.5,0.3,2,90,50,6,0.630957365,4376.868164,211.1729736
12.5,0.3,2,90,50,6,1,4433.591309,211.6754913
12.5,0.3,2,90,50,6,1.584893227,4487.905762,220.6197205
12.5,0.3,2,90,50,6,2.511886358,4539.032227,236.8218384
12.5,0.3,2,90,50,6,3.981071472,4584.194336,262.8983765
12.5,0.3,2,90,50,6,6.309572697,4527.553223,268.8027039
12.5,0.3,2,90,50,6,10,4568.194824,296.1753845
12.5,0.3,2,90,50,6,0.01,3119.198486,507.5081177
12.5,0.3,2,90,50,6,0.015848933,3443.694336,424.9714355
12.5,0.3,2,90,50,6,0.025118863,3643.920898,358.094696
12.5,0.3,2,90,50,6,0.039810721,3777.227295,312.631134
12.5,0.3,2,90,50,6,0.063095748,3880.368896,271.3751526
12.5,0.3,2,90,50,6,0.100000001,3968.466309,238.5097961
12.5,0.3,2,90,50,6,0.158489317,4023.923828,210.0134277
12.5,0.3,2,90,50,6,0.251188636,4096.797852,192.5595551
12.5,0.3,2,90,50,6,0.398107171,4148.845215,178.3055725
12.5,0.3,2,90,50,6,0.630957365,4196.007324,167.5993347
12.5,0.3,2,90,50,6,1,4237.396484,163.8844299
12.5,0.3,2,90,50,6,1.584893227,4276.927734,166.6242065
12.5,0.3,2,90,50,6,2.511886358,4313.104004,177.0238953
12.5,0.3,2,90,50,6,3.981071472,4340.800781,196.7523041
12.5,0.3,2,90,50,6,6.309572697,4271.432617,190.4397583
12.5,0.3,2,90,50,6,10,4305.87207,207.3110504
12.5,0.3,2,90,50,6,0.01,3059.635498,445.3453979
12.5,0.3,2,90,50,6,0.015848933,3336.993164,387.5921326
12.5,0.3,2,90,50,6,0.025118863,3523.169922,335.0122375
12.5,0.3,2,90,50,6,0.039810721,3649.863525,292.8025208
12.5,0.3,2,90,50,6,0.063095748,3749.287842,258.0939941
12.5,0.3,2,90,50,6,0.100000001,3830.514893,229.3373108
12.5,0.3,2,90,50,6,0.158489317,3898.192139,205.1881866
12.5,0.3,2,90,50,6,0.251188636,3953.027588,186.5686493
12.5,0.3,2,90,50,6,0.398107171,4005.394287,172.651886
12.5,0.3,2,90,50,6,0.630957365,4050.075195,164.473587
12.5,0.3,2,90,50,6,1,4090.772461,161.134903
12.5,0.3,2,90,50,6,1.584893227,4128.451172,164.6033783
12.5,0.3,2,90,50,6,2.511886358,4165.710938,174.1547852
12.5,0.3,2,90,50,6,3.981071472,4193.615723,193.5587311
12.5,0.3,2,90,50,6,6.309572697,4128.049805,199.1422424
12.5,0.3,2,90,50,6,10,4157.915039,214.4693451
12.5,0.3,2,90,50,6,0.01,3213.601318,558.8834229
12.5,0.3,2,90,50,6,0.015848933,3564.887451,424.4615173
12.5,0.3,2,90,50,6,0.025118863,3811.590332,369.4967346
12.5,0.3,2,90,50,6,0.039810721,3970.807861,319.0750122
12.5,0.3,2,90,50,6,0.063095748,4093.03833,335.5261536
12.5,0.3,2,90,50,6,0.100000001,4200.569336,275.7198486
12.5,0.3,2,90,50,6,0.158489317,4287.473633,263.7085876
12.5,0.3,2,90,50,6,0.251188636,4370.442383,248.207962
12.5,0.3,2,90,50,6,0.398107171,4438.998047,234.9609222
12.5,0.3,2,90,50,6,0.630957365,4501.249023,229.9131622
12.5,0.3,2,90,50,6,1,4563.81543,229.4511108
12.5,0.3,2,90,50,6,1.584893227,4626.58252,238.938736
12.5,0.3,2,90,50,6,2.511886358,4687.074219,257.6669922
12.5,0.3,2,90,50,6,3.981071472,4738.336426,283.941864
12.5,0.3,2,90,50,6,6.309572697,4684.088379,294.5281372
12.5,0.3,2,90,50,6,10,4732.726563,324.8590088
12.5,0.3,2,150,50,6,0.01,1213.267456,242.1746979
12.5,0.3,2,150,50,6,0.015848933,1379.919434,229.8651428
12.5,0.3,2,150,50,6,0.025118863,1504.230469,215.5525208
12.5,0.3,2,150,50,6,0.039810721,1598.898438,202.8939819
12.5,0.3,2,150,50,6,0.063095748,1671.635986,187.1235809
12.5,0.3,2,150,50,6,0.100000001,1730.942017,174.3629608
12.5,0.3,2,150,50,6,0.158489317,1782.126709,163.3445587
12.5,0.3,2,150,50,6,0.251188636,1827.797852,155.2925415
12.5,0.3,2,150,50,6,0.398107171,1869.16333,149.3495483
12.5,0.3,2,150,50,6,0.630957365,1908.991455,145.773056
12.5,0.3,2,150,50,6,1,1946.484131,146.1820831
12.5,0.3,2,150,50,6,1.584893227,1982.792725,151.5355072
12.5,0.3,2,150,50,6,2.511886358,2014.481689,163.4601898
12.5,0.3,2,150,50,6,3.981071472,2019.068237,189.2467041
12.5,0.3,2,150,50,6,6.309572697,1958.359497,230.4881134
12.5,0.3,2,150,50,6,10,2153.832275,173.9550629
12.5,0.3,2,150,50,6,0.01,836.956543,210.4060974
12.5,0.3,2,150,50,6,0.015848933,1038.887695,195.1131592
12.5,0.3,2,150,50,6,0.025118863,1163.519897,178.5185547
12.5,0.3,2,150,50,6,0.039810721,1244.092529,163.7069702
12.5,0.3,2,150,50,6,0.063095748,1305.312012,151.4759064
12.5,0.3,2,150,50,6,0.100000001,1355.411377,140.5650482
12.5,0.3,2,150,50,6,0.158489317,1397.503662,132.1752625
12.5,0.3,2,150,50,6,0.251188636,1434.952637,126.3712234
12.5,0.3,2,150,50,6,0.398107171,1468.383789,123.0395126
12.5,0.3,2,150,50,6,0.630957365,1499.122437,122.6210632
12.5,0.3,2,150,50,6,1,1532.288696,122.9586182
12.5,0.3,2,150,50,6,1.584893227,1563.336792,129.9457397
12.5,0.3,2,150,50,6,2.511886358,1583.057007,145.615799
12.5,0.3,2,150,50,6,3.981071472,1550.362061,179.4600983
12.5,0.3,2,150,50,6,6.309572697,1597.143677,184.6371613
12.5,0.3,2,150,50,6,10,1706.692383,196.8640442
12.5,0.3,2,150,50,6,0.01,1367.534302,239.3346405
12.5,0.3,2,150,50,6,0.015848933,1536.06665,214.2731476
12.5,0.3,2,150,50,6,0.025118863,1664.330811,196.3979492
12.5,0.3,2,150,50,6,0.039810721,1755.5979,178.9289703
12.5,0.3,2,150,50,6,0.063095748,1826.373901,164.8041077
12.5,0.3,2,150,50,6,0.100000001,1883.506592,153.1393585
12.5,0.3,2,150,50,6,0.158489317,1932.390991,143.1470337
12.5,0.3,2,150,50,6,0.251188636,1975.314087,136.5844116
12.5,0.3,2,150,50,6,0.398107171,2014.672852,132.2350616
12.5,0.3,2,150,50,6,0.630957365,2051.682373,129.8292084
12.5,0.3,2,150,50,6,1,2086.558838,134.5197754
12.5,0.3,2,150,50,6,1.584893227,2120.648438,141.5258636
12.5,0.3,2,150,50,6,2.511886358,2150.698486,155.2444916
12.5,0.3,2,150,50,6,3.981071472,2164.451904,176.8126678
12.5,0.3,2,150,50,6,6.309572697,2031.08606,230.5399475
12.5,0.3,2,150,50,6,10,2253.164795,202.81987
12.5,0.3,2,150,50,6,0.01,1326.450073,259.6564026
12.5,0.3,2,150,50,6,0.015848933,1511.50061,237.9874115
12.5,0.3,2,150,50,6,0.025118863,1637.473633,214.6631012
12.5,0.3,2,150,50,6,0.039810721,1725.078125,194.4768066
12.5,0.3,2,150,50,6,0.063095748,1795.501831,177.2759399
12.5,0.3,2,150,50,6,0.100000001,1853.355469,162.0629272
12.5,0.3,2,150,50,6,0.158489317,1904.630493,149.3626251
12.5,0.3,2,150,50,6,0.251188636,1946.694824,140.737854
12.5,0.3,2,150,50,6,0.398107171,1986.661865,133.5072021
12.5,0.3,2,150,50,6,0.630957365,2023.725098,131.8575134
12.5,0.3,2,150,50,6,1,2056.393311,130.9807434
12.5,0.3,2,150,50,6,1.584893227,2088.27417,135.8334045
12.5,0.3,2,150,50,6,2.511886358,2117.762939,146.696579
12.5,0.3,2,150,50,6,3.981071472,2124.047852,167.3760986
12.5,0.3,2,150,50,6,6.309572697,1996.008789,221.6372833
12.5,0.3,2,150,50,6,10,2058.589111,122.1610641
12.5,0.3,2,150,50,6,0.01,1342.070679,274.5259399
12.5,0.3,2,150,50,6,0.015848933,1531.730347,248.1246796
12.5,0.3,2,150,50,6,0.025118863,1665.38501,227.1458282
12.5,0.3,2,150,50,6,0.039810721,1767.636841,207.4709167
12.5,0.3,2,150,50,6,0.063095748,1847.343994,189.9082336
12.5,0.3,2,150,50,6,0.100000001,1910.099243,176.0497894
12.5,0.3,2,150,50,6,0.158489317,1963.16394,164.091507
12.5,0.3,2,150,50,6,0.251188636,2009.289795,154.5702209
12.5,0.3,2,150,50,6,0.398107171,2051.502686,148.082428
12.5,0.3,2,150,50,6,0.630957365,2091.361572,143.3547211
12.5,0.3,2,150,50,6,1,2128.749023,144.7608185
12.5,0.3,2,150,50,6,1.584893227,2164.342773,150.5245972
12.5,0.3,2,150,50,6,2.511886358,2195.669189,161.7828217
12.5,0.3,2,150,50,6,3.981071472,2203.375977,181.8998718
12.5,0.3,2,150,50,6,6.309572697,2044.983398,253.1258545
12.5,0.3,2,150,50,6,10,2286.300781,223.3525085
12.5,0.3,2,150,50,6,0.01,1157.58374,247.3013
12.5,0.3,2,150,50,6,0.015848933,1363.721924,225.1387939
12.5,0.3,2,150,50,6,0.025118863,1503.818115,205.2501068
12.5,0.3,2,150,50,6,0.039810721,1599.46814,186.2069244
12.5,0.3,2,150,50,6,0.063095748,1674.283936,171.1240997
12.5,0.3,2,150,50,6,0.100000001,1733.805908,158.2381134
12.5,0.3,2,150,50,6,0.158489317,1786.109863,148.3371429
12.5,0.3,2,150,50,6,0.251188636,1830.346191,141.5567322
12.5,0.3,2,150,50,6,0.398107171,1871.349487,136.716507
12.5,0.3,2,150,50,6,0.630957365,1908.699951,137.0508575
12.5,0.3,2,150,50,6,1,1945.083496,139.5969543
12.5,0.3,2,150,50,6,1.584893227,1980.924561,147.317276
12.5,0.3,2,150,50,6,2.511886358,2012.174683,161.4720764
12.5,0.3,2,150,50,6,3.981071472,2021.577393,184.7533722
12.5,0.3,2,150,50,6,6.309572697,1935.743164,229.8905182
12.5,0.3,2,150,50,6,10,2135.420166,163.0482483
15,0.2,2,30,50,6,0.01,3411.983398,608.8049927
15,0.2,2,30,50,6,0.015848933,3780.005615,451.0719299
15,0.2,2,30,50,6,0.025118863,3938.738525,389.6795654
15,0.2,2,30,50,6,0.039810721,4047.751953,344.3566284
15,0.2,2,30,50,6,0.063095748,4133.841309,313.6589355
15,0.2,2,30,50,6,0.100000001,4219.629395,285.664032
15,0.2,2,30,50,6,0.158489317,4294.227051,259.7371521
15,0.2,2,30,50,6,0.251188636,4355.759277,246.8936615
15,0.2,2,30,50,6,0.398107171,4418.317871,238.8747559
15,0.2,2,30,50,6,0.630957365,4479.410645,232.4243622
15,0.2,2,30,50,6,1,4534.109375,217.4114227
15,0.2,2,30,50,6,1.584893227,4582.047363,227.4857788
15,0.2,2,30,50,6,2.511886358,4625.822266,245.1127777
15,0.2,2,30,50,6,3.981071472,4641.031738,264.2946167
15,0.2,2,30,50,6,6.309572697,4488.983887,287.9254761
15,0.2,2,30,50,6,10,4525.910645,273.8032227
15,0.2,2,30,50,6,0.01,3236.918457,552.2865601
15,0.2,2,30,50,6,0.015848933,3560.52124,473.2196655
15,0.2,2,30,50,6,0.025118863,3756.056152,413.8511658
15,0.2,2,30,50,6,0.039810721,3897.416504,363.6566467
15,0.2,2,30,50,6,0.063095748,4008.468262,331.9122925
15,0.2,2,30,50,6,0.100000001,4104.029297,304.3624878
15,0.2,2,30,50,6,0.158489317,4187.348633,285.8165588
15,0.2,2,30,50,6,0.251188636,4262.804199,270.874176
15,0.2,2,30,50,6,0.398107171,4334.277344,257.9415588
15,0.2,2,30,50,6,0.630957365,4402.133301,253.9020844
15,0.2,2,30,50,6,1,4463.504395,251.6128387
15,0.2,2,30,50,6,1.584893227,4523.79248,261.5550232
15,0.2,2,30,50,6,2.511886358,4579.40332,279.3564453
15,0.2,2,30,50,6,3.981071472,4602.889648,310.4324646
15,0.2,2,30,50,6,6.309572697,4474.90332,336.8219299
15,0.2,2,30,50,6,10,4502.010742,335.8900757
15,0.2,2,30,50,6,0.01,3381.254639,493.6416016
15,0.2,2,30,50,6,0.015848933,3676.537109,435.7627258
15,0.2,2,30,50,6,0.025118863,3861.6604,380.8113098
15,0.2,2,30,50,6,0.039810721,3990.653076,341.6646729
15,0.2,2,30,50,6,0.063095748,4092.993896,309.2255554
15,0.2,2,30,50,6,0.100000001,4186.26123,290.3129272
15,0.2,2,30,50,6,0.158489317,4267.189453,270.1831055
15,0.2,2,30,50,6,0.251188636,4339.249512,256.1044006
15,0.2,2,30,50,6,0.398107171,4405.992188,246.7182922
15,0.2,2,30,50,6,0.630957365,4472.820801,244.2815094
15,0.2,2,30,50,6,1,4532.220703,242.2096558
15,0.2,2,30,50,6,1.584893227,4594.26123,256.4503784
15,0.2,2,30,50,6,2.511886358,4645.882324,275.2430115
15,0.2,2,30,50,6,3.981071472,4678.287598,306.1829834
15,0.2,2,30,50,6,6.309572697,4563.168457,326.8402405
15,0.2,2,30,50,6,10,4604.018555,327.7129517
15,0.2,2,30,50,6,0.01,2952.898193,422.7451172
15,0.2,2,30,50,6,0.015848933,3124.493408,341.0657043
15,0.2,2,30,50,6,0.025118863,3233.741699,290.7042542
15,0.2,2,30,50,6,0.039810721,3314.186768,259.5381165
15,0.2,2,30,50,6,0.063095748,3379.111084,239.0155487
15,0.2,2,30,50,6,0.100000001,3439.208008,218.7523346
15,0.2,2,30,50,6,0.158489317,3497.247803,208.6244049
15,0.2,2,30,50,6,0.251188636,3547.333496,200.9866638
15,0.2,2,30,50,6,0.398107171,3599.671631,194.3589172
15,0.2,2,30,50,6,0.630957365,3642.29541,194.6234283
15,0.2,2,30,50,6,1,3697.590576,197.0870056
15,0.2,2,30,50,6,1.584893227,3739.751221,210.3340759
15,0.2,2,30,50,6,2.511886358,3783.287354,228.8612976
15,0.2,2,30,50,6,3.981071472,3799.044189,252.7174988
15,0.2,2,30,50,6,6.309572697,3579.030518,333.4333496
15,0.2,2,30,50,6,10,3681.182129,203.8747101
15,0.2,2,90,50,6,0.01,3124.764893,361.1189575
15,0.2,2,90,50,6,0.015848933,3248.666748,301.2057495
15,0.2,2,90,50,6,0.025118863,3373.831299,267.3258667
15,0.2,2,90,50,6,0.039810721,3459.98877,239.9706726
15,0.2,2,90,50,6,0.063095748,3548.749512,234.1446228
15,0.2,2,90,50,6,0.100000001,3618.691406,225.9762268
15,0.2,2,90,50,6,0.158489317,3679,218.9095154
15,0.2,2,90,50,6,0.251188636,3741.305176,221.0874329
15,0.2,2,90,50,6,0.398107171,3804.609375,225.6549683
15,0.2,2,90,50,6,0.630957365,3867.917725,233.3915405
15,0.2,2,90,50,6,1,3932.054688,245.7370605
15,0.2,2,90,50,6,1.584893227,3995.726807,265.2507629
15,0.2,2,90,50,6,2.511886358,4055.900391,291.255188
15,0.2,2,90,50,6,3.981071472,4100.872559,320.2949524
15,0.2,2,90,50,6,6.309572697,4035.88501,337.4547119
15,0.2,2,90,50,6,10,4121.911621,325.1036072
15,0.2,2,90,50,6,0.01,3632.258545,312.6325684
15,0.2,2,90,50,6,0.015848933,3759.532715,291.4009399
15,0.2,2,90,50,6,0.025118863,3864.403564,262.3841858
15,0.2,2,90,50,6,0.039810721,3950.193604,238.807785
15,0.2,2,90,50,6,0.063095748,4021.990967,231.9992981
15,0.2,2,90,50,6,0.100000001,4088.995361,221.8556976
15,0.2,2,90,50,6,0.158489317,4151.581055,217.430954
15,0.2,2,90,50,6,0.251188636,4210.448242,220.094223
15,0.2,2,90,50,6,0.398107171,4270.797363,225.7975464
15,0.2,2,90,50,6,0.630957365,4333.180664,234.187149
15,0.2,2,90,50,6,1,4396.239746,247.362915
15,0.2,2,90,50,6,1.584893227,4461.362793,266.2597656
15,0.2,2,90,50,6,2.511886358,4526.970703,291.1795654
15,0.2,2,90,50,6,3.981071472,4583.913574,322.9936218
15,0.2,2,90,50,6,6.309572697,4508.874512,325.3501892
15,0.2,2,90,50,6,10,4571.068848,333.7018127
15,0.2,2,90,50,6,0.01,3173.029053,472.9640198
15,0.2,2,90,50,6,0.015848933,3340.141113,421.3180542
15,0.2,2,90,50,6,0.025118863,3474.7771,360.2953491
15,0.2,2,90,50,6,0.039810721,3582.591797,320.1199341
15,0.2,2,90,50,6,0.063095748,3671.750244,293.9599304
15,0.2,2,90,50,6,0.100000001,3753.119385,272.4866028
15,0.2,2,90,50,6,0.158489317,3827.227539,261.822113
15,0.2,2,90,50,6,0.251188636,3898.317383,255.6933136
15,0.2,2,90,50,6,0.398107171,3967.598389,255.3677979
15,0.2,2,90,50,6,0.630957365,4037.165527,261.4021301
15,0.2,2,90,50,6,1,4107.315918,269.9217834
15,0.2,2,90,50,6,1.584893227,4176.278809,288.6972046
15,0.2,2,90,50,6,2.511886358,4237.663086,315.1822205
15,0.2,2,90,50,6,3.981071472,4290.883789,341.4738464
15,0.2,2,90,50,6,6.309572697,4217.116699,357.1244202
15,0.2,2,90,50,6,10,4269.773438,358.5779724
15,0.2,2,90,50,6,0.01,3511.492432,364.5217285
15,0.2,2,90,50,6,0.015848933,3705.491699,323.9476929
15,0.2,2,90,50,6,0.025118863,3922.875732,305.1360779
15,0.2,2,90,50,6,0.039810721,4043.422363,288.1221008
15,0.2,2,90,50,6,0.063095748,4145.535156,278.5645142
15,0.2,2,90,50,6,0.100000001,4237.089355,273.463501
15,0.2,2,90,50,6,0.158489317,4317.016113,273.1451111
15,0.2,2,90,50,6,0.251188636,4397.737793,275.9865112
15,0.2,2,90,50,6,0.398107171,4475.975098,283.7766724
15,0.2,2,90,50,6,0.630957365,4554.613281,295.7542114
15,0.2,2,90,50,6,1,4639.612793,312.8876648
15,0.2,2,90,50,6,1.584893227,4724.998535,335.5757446
15,0.2,2,90,50,6,2.511886358,4814.013184,367.0040588
15,0.2,2,90,50,6,3.981071472,4897.256348,403.0985718
15,0.2,2,90,50,6,6.309572697,4837.245117,410.1789856
15,0.2,2,90,50,6,10,4925.355957,422.4378662
15,0.2,2,150,50,6,0.01,1110.881714,202.1131134
15,0.2,2,150,50,6,0.015848933,1289.105225,172.4884033
15,0.2,2,150,50,6,0.025118863,1382.290161,151.5267029
15,0.2,2,150,50,6,0.039810721,1442.670166,139.5963898
15,0.2,2,150,50,6,0.063095748,1489.927612,131.303421
15,0.2,2,150,50,6,0.100000001,1530.081787,125.1134796
15,0.2,2,150,50,6,0.158489317,1565.700928,121.483963
15,0.2,2,150,50,6,0.251188636,1599.348145,120.2677612
15,0.2,2,150,50,6,0.398107171,1631.995239,121.9435959
15,0.2,2,150,50,6,0.630957365,1665.221558,126.5004272
15,0.2,2,150,50,6,1,1696.065308,133.4301147
15,0.2,2,150,50,6,1.584893227,1727.431885,144.3357391
15,0.2,2,150,50,6,2.511886358,1750.462036,162.4822693
15,0.2,2,150,50,6,3.981071472,1709.123047,198.544693
15,0.2,2,150,50,6,6.309572697,1778.697632,183.1751404
15,0.2,2,150,50,6,10,1763.189453,241.2883301
15,0.2,2,150,50,6,0.01,1378.69397,203.29953
15,0.2,2,150,50,6,0.015848933,1519.069824,177.4064178
15,0.2,2,150,50,6,0.025118863,1610.515503,160.1504517
15,0.2,2,150,50,6,0.039810721,1667.817627,150.5946655
15,0.2,2,150,50,6,0.063095748,1721.598633,136.5078735
15,0.2,2,150,50,6,0.100000001,1763.636597,128.7412415
15,0.2,2,150,50,6,0.158489317,1800.659302,123.5406799
15,0.2,2,150,50,6,0.251188636,1835.000977,121.297821
15,0.2,2,150,50,6,0.398107171,1866.833618,119.7670059
15,0.2,2,150,50,6,0.630957365,1897.737427,126.4502945
15,0.2,2,150,50,6,1,1932.246582,133.0288696
15,0.2,2,150,50,6,1.584893227,1963.225342,143.9601746
15,0.2,2,150,50,6,2.511886358,1986.365112,160.3910828
15,0.2,2,150,50,6,3.981071472,1970.274658,187.9019012
15,0.2,2,150,50,6,6.309572697,1991.899902,185.5432587
15,0.2,2,150,50,6,10,2064.650391,281.9534912
15,0.2,2,150,50,6,0.01,1254.233032,216.6668854
15,0.2,2,150,50,6,0.015848933,1359.664063,186.189621
15,0.2,2,150,50,6,0.025118863,1437.419189,162.707489
15,0.2,2,150,50,6,0.039810721,1493.343262,147.2018433
15,0.2,2,150,50,6,0.063095748,1540.008423,134.1612091
15,0.2,2,150,50,6,0.100000001,1579.148682,126.0675049
15,0.2,2,150,50,6,0.158489317,1614.05896,120.1838837
15,0.2,2,150,50,6,0.251188636,1645.852417,117.4890976
15,0.2,2,150,50,6,0.398107171,1676.314697,117.5894089
15,0.2,2,150,50,6,0.630957365,1708.849365,120.5672226
15,0.2,2,150,50,6,1,1737.248047,126.0841675
15,0.2,2,150,50,6,1.584893227,1764.632813,135.6273346
15,0.2,2,150,50,6,2.511886358,1783.789673,151.1929932
15,0.2,2,150,50,6,3.981071472,1732.742676,186.4543915
15,0.2,2,150,50,6,6.309572697,1803.344727,172.5099335
15,0.2,2,150,50,6,10,1873.133301,180.4237671
15,0.2,2,150,50,6,0.01,1114.628906,195.6067657
15,0.2,2,150,50,6,0.015848933,1240.681396,173.7111969
15,0.2,2,150,50,6,0.025118863,1327.926392,156.699295
15,0.2,2,150,50,6,0.039810721,1388.988159,144.0069733
15,0.2,2,150,50,6,0.063095748,1438.380859,136.040802
15,0.2,2,150,50,6,0.100000001,1479.553833,129.2955017
15,0.2,2,150,50,6,0.158489317,1517,126.9234161
15,0.2,2,150,50,6,0.251188636,1552.145142,126.3758469
15,0.2,2,150,50,6,0.398107171,1586.388672,128.4532928
15,0.2,2,150,50,6,0.630957365,1621.212891,134.0024567
15,0.2,2,150,50,6,1,1655.010376,140.9876404
15,0.2,2,150,50,6,1.584893227,1688.060181,152.6766815
15,0.2,2,150,50,6,2.511886358,1713.481689,170.0626526
15,0.2,2,150,50,6,3.981071472,1675.098022,207.3253021
15,0.2,2,150,50,6,6.309572697,1742.202271,192.1639252
15,0.2,2,150,50,6,10,1723.411133,235.587265
15,0.2,2,150,50,6,0.01,1046.755981,189.2145233
15,0.2,2,150,50,6,0.015848933,1181.197632,171.89888
15,0.2,2,150,50,6,0.025118863,1275.107422,157.4430542
15,0.2,2,150,50,6,0.039810721,1340.047729,147.0282593
15,0.2,2,150,50,6,0.063095748,1394.736694,139.4108429
15,0.2,2,150,50,6,0.100000001,1440.142334,135.395462
15,0.2,2,150,50,6,0.158489317,1481.790039,133.6226654
15,0.2,2,150,50,6,0.251188636,1521.056274,134.3888702
15,0.2,2,150,50,6,0.398107171,1559.167847,138.136734
15,0.2,2,150,50,6,0.630957365,1597.661865,144.7082977
15,0.2,2,150,50,6,1,1636.593262,153.6517334
15,0.2,2,150,50,6,1.584893227,1674.050293,166.9424438
15,0.2,2,150,50,6,2.511886358,1704.383423,185.1932678
15,0.2,2,150,50,6,3.981071472,1687.050537,219.770752
15,0.2,2,150,50,6,6.309572697,1745.50708,209.2759399
15,0.2,2,150,50,6,10,2088.623047,770.2555542
15,0.3,2,30,50,6,0.01,10689.11719,1061.722778
15,0.3,2,30,50,6,0.015848933,11008.99414,943.1188965
15,0.3,2,30,50,6,0.025118863,11271.56738,816.5775146
15,0.3,2,30,50,6,0.039810721,11476.32813,710.4769287
15,0.3,2,30,50,6,0.063095748,11648.6748,624.9130249
15,0.3,2,30,50,6,0.100000001,11799.4707,555.7053833
15,0.3,2,30,50,6,0.158489317,11923,494.6672058
15,0.3,2,30,50,6,0.251188636,12041.8623,441.1159973
15,0.3,2,30,50,6,0.398107171,12162.46191,404.0035095
15,0.3,2,30,50,6,0.630957365,12259.05469,355.4590149
15,0.3,2,30,50,6,1,12325.22461,355.9449768
15,0.3,2,30,50,6,1.584893227,12408.31641,350.2368164
15,0.3,2,30,50,6,2.511886358,12489.1748,364.49646
15,0.3,2,30,50,6,3.981071472,12548.76367,363.852417
15,0.3,2,30,50,6,6.309572697,12335.66797,353.8508606
15,0.3,2,30,50,6,10,12398.43555,394.1427307
15,0.3,2,30,50,6,0.01,10612.34766,1263.751831
15,0.3,2,30,50,6,0.015848933,10976.24609,974.0964355
15,0.3,2,30,50,6,0.025118863,11260.79785,817.5223389
15,0.3,2,30,50,6,0.039810721,11466.86621,710.1494141
15,0.3,2,30,50,6,0.063095748,11645.04395,634.826355
15,0.3,2,30,50,6,0.100000001,11815.33105,552.2109985
15,0.3,2,30,50,6,0.158489317,11946.91406,496.9916992
15,0.3,2,30,50,6,0.251188636,12062.25293,451.6385803
15,0.3,2,30,50,6,0.398107171,12160.46777,408.2473145
15,0.3,2,30,50,6,0.630957365,12267.93262,382.5314331
15,0.3,2,30,50,6,1,12356.65234,361.6551208
15,0.3,2,30,50,6,1.584893227,12443.19727,353.2914124
15,0.3,2,30,50,6,2.511886358,12531.74512,360.01297
15,0.3,2,30,50,6,3.981071472,12592.89063,399.2284851
15,0.3,2,30,50,6,6.309572697,12411.93262,364.0276794
15,0.3,2,30,50,6,10,12515.06738,376.0018921
15,0.3,2,30,50,6,0.01,11184.13184,1125.091797
15,0.3,2,30,50,6,0.015848933,11571.37793,992.8157959
15,0.3,2,30,50,6,0.025118863,11901.69141,879.3948364
15,0.3,2,30,50,6,0.039810721,12151.61816,761.1751099
15,0.3,2,30,50,6,0.063095748,12353.37891,682.8901367
15,0.3,2,30,50,6,0.100000001,12552.29883,612.8490601
15,0.3,2,30,50,6,0.158489317,12712.06543,570.8320923
15,0.3,2,30,50,6,0.251188636,12853.45215,526.4107056
15,0.3,2,30,50,6,0.398107171,12977.63086,472.2747498
15,0.3,2,30,50,6,0.630957365,13112.09961,449.3155212
15,0.3,2,30,50,6,1,13222.46973,432.1855774
15,0.3,2,30,50,6,1.584893227,13332.54785,429.1563721
15,0.3,2,30,50,6,2.511886358,13447.49023,440.795166
15,0.3,2,30,50,6,3.981071472,13550.4873,484.5913086
15,0.3,2,30,50,6,6.309572697,13410.22754,461.574707
15,0.3,2,30,50,6,10,13519.53516,515.019165
15,0.3,2,30,50,6,0.01,10850.34375,1298.214966
15,0.3,2,30,50,6,0.015848933,11186.46289,1108.465088
15,0.3,2,30,50,6,0.025118863,11440.98438,910.781189
15,0.3,2,30,50,6,0.039810721,11664.43066,785.1293945
15,0.3,2,30,50,6,0.063095748,11877.03418,697.2463989
15,0.3,2,30,50,6,0.100000001,12037.96387,606.2631836
15,0.3,2,30,50,6,0.158489317,12185.99121,530.3198853
15,0.3,2,30,50,6,0.251188636,12325.50879,478.0553284
15,0.3,2,30,50,6,0.398107171,12435.49512,435.1524048
15,0.3,2,30,50,6,0.630957365,12545.5332,387.9482422
15,0.3,2,30,50,6,1,12649.55371,384.7520142
15,0.3,2,30,50,6,1.584893227,12741.02148,378.4935608
15,0.3,2,30,50,6,2.511886358,12840.87109,378.5783386
15,0.3,2,30,50,6,3.981071472,12920.52441,413.8675842
15,0.3,2,30,50,6,6.309572697,12779.49219,390.2745972
15,0.3,2,30,50,6,10,12867.41602,404.8519897
15,0.3,2,30,50,6,0.01,10063.89551,1293.343384
15,0.3,2,30,50,6,0.015848933,10531.17188,1017.610657
15,0.3,2,30,50,6,0.025118863,10838.52344,848.8378906
15,0.3,2,30,50,6,0.039810721,11069.23926,724.5253906
15,0.3,2,30,50,6,0.063095748,11232.68262,640.1236572
15,0.3,2,30,50,6,0.100000001,11420.69238,586.6314697
15,0.3,2,30,50,6,0.158489317,11564.2793,533.2980957
15,0.3,2,30,50,6,0.251188636,11694.45508,487.6223145
15,0.3,2,30,50,6,0.398107171,11825.6748,447.7401733
15,0.3,2,30,50,6,0.630957365,11952.47461,415.5632629
15,0.3,2,30,50,6,1,12047.09961,405.5041809
15,0.3,2,30,50,6,1.584893227,12144.07227,411.3140259
15,0.3,2,30,50,6,2.511886358,12252.33105,422.1365662
15,0.3,2,30,50,6,3.981071472,12383.06152,458.2306824
15,0.3,2,30,50,6,6.309572697,12213.94434,427.8860168
15,0.3,2,30,50,6,10,12392.07129,463.1250916
15,0.3,2,30,50,6,0.01,11035.20898,1200.289917
15,0.3,2,30,50,6,0.015848933,11450.88379,1091.515503
15,0.3,2,30,50,6,0.025118863,11759.06348,933.1173096
15,0.3,2,30,50,6,0.039810721,12031.78027,814.9537354
15,0.3,2,30,50,6,0.063095748,12253.17383,710.1843872
15,0.3,2,30,50,6,0.100000001,12425.22656,635.8632813
15,0.3,2,30,50,6,0.158489317,12616.58594,572.1152954
15,0.3,2,30,50,6,0.251188636,12778.45508,518.293335
15,0.3,2,30,50,6,0.398107171,12925.08008,472.2678223
15,0.3,2,30,50,6,0.630957365,13055.60938,444.841217
15,0.3,2,30,50,6,1,13168.54492,419.6308899
15,0.3,2,30,50,6,1.584893227,13285.98145,409.9861755
15,0.3,2,30,50,6,2.511886358,13400.21191,424.168457
15,0.3,2,30,50,6,3.981071472,13486.28418,453.3445435
15,0.3,2,30,50,6,6.309572697,13234.69141,427.4573364
15,0.3,2,30,50,6,10,13414.0918,461.7885437
15,0.3,2,90,50,6,0.01,2712.965088,511.8972778
15,0.3,2,90,50,6,0.015848933,3010.044189,452.9967346
15,0.3,2,90,50,6,0.025118863,3371.488281,422.5201111
15,0.3,2,90,50,6,0.039810721,3541.938232,373.1678162
15,0.3,2,90,50,6,0.063095748,3661.761719,340.8450623
15,0.3,2,90,50,6,0.100000001,3762.237305,310.549408
15,0.3,2,90,50,6,0.158489317,3850.551025,284.566803
15,0.3,2,90,50,6,0.251188636,3926.211426,266.9212952
15,0.3,2,90,50,6,0.398107171,3997.323486,256.6954041
15,0.3,2,90,50,6,0.630957365,4063.092041,242.6191711
15,0.3,2,90,50,6,1,4127.26123,245.4624023
15,0.3,2,90,50,6,1.584893227,4189.370605,252.8983459
15,0.3,2,90,50,6,2.511886358,4250.465332,269.3488159
15,0.3,2,90,50,6,3.981071472,4302.714844,294.5879211
15,0.3,2,90,50,6,6.309572697,4230.351074,317.8430176
15,0.3,2,90,50,6,10,4326.602539,315.980011
15,0.3,2,90,50,6,0.01,3135.533447,487.2303162
15,0.3,2,90,50,6,0.015848933,3522.477783,454.8181763
15,0.3,2,90,50,6,0.025118863,3764.860596,434.2438049
15,0.3,2,90,50,6,0.039810721,3932.938232,410.0404968
15,0.3,2,90,50,6,0.063095748,4075.861084,385.4500122
15,0.3,2,90,50,6,0.100000001,4195.245117,359.8384705
15,0.3,2,90,50,6,0.158489317,4306.055176,334.8775635
15,0.3,2,90,50,6,0.251188636,4401.142578,317.0684509
15,0.3,2,90,50,6,0.398107171,4488.695801,304.7789612
15,0.3,2,90,50,6,0.630957365,4568.98291,294.8251953
15,0.3,2,90,50,6,1,4648.996582,291.8876953
15,0.3,2,90,50,6,1.584893227,4726.21875,299.4125671
15,0.3,2,90,50,6,2.511886358,4800.25,316.7649841
15,0.3,2,90,50,6,3.981071472,4863.802734,344.1512756
15,0.3,2,90,50,6,6.309572697,4797.45752,360.1837158
15,0.3,2,90,50,6,10,4841.34668,379.6759949
15,0.3,2,90,50,6,0.01,3059.600098,557.6206665
15,0.3,2,90,50,6,0.015848933,3460.072021,484.7608948
15,0.3,2,90,50,6,0.025118863,3704.599121,424.3403625
15,0.3,2,90,50,6,0.039810721,3870.611816,382.5524902
15,0.3,2,90,50,6,0.063095748,4000.335449,348.2929688
15,0.3,2,90,50,6,0.100000001,4107.820313,319.5924377
15,0.3,2,90,50,6,0.158489317,4203.050293,294.5765381
15,0.3,2,90,50,6,0.251188636,4286.707031,275.7774658
15,0.3,2,90,50,6,0.398107171,4363.02832,264.1746216
15,0.3,2,90,50,6,0.630957365,4431.928711,256.507019
15,0.3,2,90,50,6,1,4499.625977,255.6869507
15,0.3,2,90,50,6,1.584893227,4564.037598,261.4165039
15,0.3,2,90,50,6,2.511886358,4623.058105,279.2307739
15,0.3,2,90,50,6,3.981071472,4672.21875,308.0805969
15,0.3,2,90,50,6,6.309572697,4600.48291,318.5090637
15,0.3,2,90,50,6,10,4670.876953,334.7999878
15,0.3,2,90,50,6,0.01,3319.815674,609.2077637
15,0.3,2,90,50,6,0.015848933,3731.309814,540.3112793
15,0.3,2,90,50,6,0.025118863,3982.585449,469.2789307
15,0.3,2,90,50,6,0.039810721,4154.470215,419.3119812
15,0.3,2,90,50,6,0.063095748,4289.757813,380.6514587
15,0.3,2,90,50,6,0.100000001,4403.801758,346.8480835
15,0.3,2,90,50,6,0.158489317,4508.243652,319.7318726
15,0.3,2,90,50,6,0.251188636,4595.935547,298.8399048
15,0.3,2,90,50,6,0.398107171,4678.054199,282.4045105
15,0.3,2,90,50,6,0.630957365,4753.021484,273.3106689
15,0.3,2,90,50,6,1,4823.270508,268.9490356
15,0.3,2,90,50,6,1.584893227,4892.661133,274.3687744
15,0.3,2,90,50,6,2.511886358,4957.745605,289.1880188
15,0.3,2,90,50,6,3.981071472,5009.514648,313.6632385
15,0.3,2,90,50,6,6.309572697,4930.59375,322.0897827
15,0.3,2,90,50,6,10,4975.122559,342.8807678
15,0.3,2,90,50,6,0.01,3031.555664,568.4816895
15,0.3,2,90,50,6,0.015848933,3462.497559,486.3657227
15,0.3,2,90,50,6,0.025118863,3702.865479,430.2453918
15,0.3,2,90,50,6,0.039810721,3881.959717,383.2148438
15,0.3,2,90,50,6,0.063095748,4011.915771,347.0923157
15,0.3,2,90,50,6,0.100000001,4121.846191,316.7142944
15,0.3,2,90,50,6,0.158489317,4214.65918,291.5064087
15,0.3,2,90,50,6,0.251188636,4297.004883,272.7189636
15,0.3,2,90,50,6,0.398107171,4371.397461,257.2947388
15,0.3,2,90,50,6,0.630957365,4438.608398,246.4863434
15,0.3,2,90,50,6,1,4506.263184,247.8290405
15,0.3,2,90,50,6,1.584893227,4569.775391,253.3586731
15,0.3,2,90,50,6,2.511886358,4629.497559,269.1080627
15,0.3,2,90,50,6,3.981071472,4678.287109,293.0825806
15,0.3,2,90,50,6,6.309572697,4609.137695,305.4403687
15,0.3,2,90,50,6,10,4672.951172,317.2354431
15,0.3,2,150,50,6,0.01,1907.077515,289.0528259
15,0.3,2,150,50,6,0.015848933,2097.685303,273.4624329
15,0.3,2,150,50,6,0.025118863,2237.92627,261.400116
15,0.3,2,150,50,6,0.039810721,2340.782959,247.1507263
15,0.3,2,150,50,6,0.063095748,2426.949707,235.0508881
15,0.3,2,150,50,6,0.100000001,2502.541504,222.2192535
15,0.3,2,150,50,6,0.158489317,2568.459229,212.6575623
15,0.3,2,150,50,6,0.251188636,2628.637939,203.9970398
15,0.3,2,150,50,6,0.398107171,2684.188477,198.8372345
15,0.3,2,150,50,6,0.630957365,2737.991943,194.0788116
15,0.3,2,150,50,6,1,2791.039307,200.2125549
15,0.3,2,150,50,6,1.584893227,2841.899658,209.8269043
15,0.3,2,150,50,6,2.511886358,2892.437012,225.7986603
15,0.3,2,150,50,6,3.981071472,2929.200684,252.4959259
15,0.3,2,150,50,6,6.309572697,2662.33374,357.6495972
15,0.3,2,150,50,6,10,3025.955811,218.04599
15,0.3,2,150,50,6,0.01,1892.443359,331.2549744
15,0.3,2,150,50,6,0.015848933,2140.568115,317.8407593
15,0.3,2,150,50,6,0.025118863,2311.070801,297.4745789
15,0.3,2,150,50,6,0.039810721,2431.825439,278.3809509
15,0.3,2,150,50,6,0.063095748,2531.056396,260.0335693
15,0.3,2,150,50,6,0.100000001,2616.281006,243.5211487
15,0.3,2,150,50,6,0.158489317,2690.928223,229.2699585
15,0.3,2,150,50,6,0.251188636,2756.830811,217.4495544
15,0.3,2,150,50,6,0.398107171,2817.48877,209.2450256
15,0.3,2,150,50,6,0.630957365,2872.986328,202.2896881
15,0.3,2,150,50,6,1,2928.650879,204.2020111
15,0.3,2,150,50,6,1.584893227,2983.182373,210.2722015
15,0.3,2,150,50,6,2.511886358,3031.740967,224.7338867
15,0.3,2,150,50,6,3.981071472,3074.828369,247.989212
15,0.3,2,150,50,6,6.309572697,2877.343018,342.8373718
15,0.3,2,150,50,6,10,3195.619873,292.4380188
15,0.3,2,150,50,6,0.01,1754.65979,330.6144409
15,0.3,2,150,50,6,0.015848933,1999.411743,308.9432678
15,0.3,2,150,50,6,0.025118863,2167.530518,282.3812866
15,0.3,2,150,50,6,0.039810721,2285.033691,259.4134521
15,0.3,2,150,50,6,0.063095748,2386.750977,239.1350861
15,0.3,2,150,50,6,0.100000001,2466.34668,222.7080078
15,0.3,2,150,50,6,0.158489317,2534.570801,207.8220062
15,0.3,2,150,50,6,0.251188636,2595.000244,196.5962982
15,0.3,2,150,50,6,0.398107171,2650.636719,187.7013702
15,0.3,2,150,50,6,0.630957365,2701.894531,185.89888
15,0.3,2,150,50,6,1,2750.833252,185.3429413
15,0.3,2,150,50,6,1.584893227,2798.693359,192.7845154
15,0.3,2,150,50,6,2.511886358,2846.608398,206.8254395
15,0.3,2,150,50,6,3.981071472,2878.969971,228.9073639
15,0.3,2,150,50,6,6.309572697,2625.620117,336.1014099
15,0.3,2,150,50,6,10,3031.22998,299.910553
15,0.3,2,150,50,6,0.01,1968.12854,332.5662842
15,0.3,2,150,50,6,0.015848933,2219.122803,324.4126587
15,0.3,2,150,50,6,0.025118863,2395.189453,298.2796936
15,0.3,2,150,50,6,0.039810721,2529.339111,283.9250793
15,0.3,2,150,50,6,0.063095748,2638.229736,265.8319397
15,0.3,2,150,50,6,0.100000001,2725.781738,250.5047455
15,0.3,2,150,50,6,0.158489317,2802.737793,236.3914337
15,0.3,2,150,50,6,0.251188636,2870.76709,225.0303192
15,0.3,2,150,50,6,0.398107171,2933.245361,216.9518433
15,0.3,2,150,50,6,0.630957365,2990.752686,213.1165771
15,0.3,2,150,50,6,1,3050.010254,212.0890198
15,0.3,2,150,50,6,1.584893227,3104.750244,219.8600922
15,0.3,2,150,50,6,2.511886358,3158.352051,234.8762512
15,0.3,2,150,50,6,3.981071472,3198.860107,258.1939392
15,0.3,2,150,50,6,6.309572697,3055.354736,333.2285156
15,0.3,2,150,50,6,10,3355.916992,207.3909302
15,0.3,2,150,50,6,0.01,2129.30957,334.4367981
15,0.3,2,150,50,6,0.015848933,2320.178711,317.328186
15,0.3,2,150,50,6,0.025118863,2470.421875,302.5680847
15,0.3,2,150,50,6,0.039810721,2584.274902,283.8088074
15,0.3,2,150,50,6,0.063095748,2688.151855,266.4832458
15,0.3,2,150,50,6,0.100000001,2772.962646,250.7746887
15,0.3,2,150,50,6,0.158489317,2848.398438,236.8772736
15,0.3,2,150,50,6,0.251188636,2916.485107,225.7163086
15,0.3,2,150,50,6,0.398107171,2979.993896,217.4788818
15,0.3,2,150,50,6,0.630957365,3039.387939,214.3369598
15,0.3,2,150,50,6,1,3097.42749,215.352951
15,0.3,2,150,50,6,1.584893227,3152.037109,223.2285461
15,0.3,2,150,50,6,2.511886358,3204.072754,238.9216003
15,0.3,2,150,50,6,3.981071472,3244.317139,263.3604126
15,0.3,2,150,50,6,6.309572697,3101.693848,331.4317627
15,0.3,2,150,50,6,10,3281.571533,356.0421753
15,0.3,2,150,50,6,0.01,1605.425049,293.4812012
15,0.3,2,150,50,6,0.015848933,1807.755493,279.0742798
15,0.3,2,150,50,6,0.025118863,1955.21582,259.1684265
15,0.3,2,150,50,6,0.039810721,2059.586182,241.6098938
15,0.3,2,150,50,6,0.063095748,2144.996094,225.8571625
15,0.3,2,150,50,6,0.100000001,2217.503418,211.6667786
15,0.3,2,150,50,6,0.158489317,2283.539551,199.5614624
15,0.3,2,150,50,6,0.251188636,2339.763916,191.1678162
15,0.3,2,150,50,6,0.398107171,2391.609863,185.1114807
15,0.3,2,150,50,6,0.630957365,2441.641357,180.2634277
15,0.3,2,150,50,6,1,2490.080566,184.165802
15,0.3,2,150,50,6,1.584893227,2537.01416,191.8038788
15,0.3,2,150,50,6,2.511886358,2576.609131,205.9069061
15,0.3,2,150,50,6,3.981071472,2599.387451,230.4878082
15,0.3,2,150,50,6,6.309572697,2373.178711,323.8595886
15,0.3,2,150,50,6,10,2735.505615,264.8443604
10,0.3,2,30,50,12,0.01,2100.648193,485.6830444
10,0.3,2,30,50,12,0.015848933,2491.101318,316.5966187
10,0.3,2,30,50,12,0.025118863,2635.70459,273.7979736
10,0.3,2,30,50,12,0.039810721,2730.743896,247.4491119
10,0.3,2,30,50,12,0.063095748,2809.565918,227.2123718
10,0.3,2,30,50,12,0.100000001,2874.20752,212.846344
10,0.3,2,30,50,12,0.158489317,2934.594482,204.1150055
10,0.3,2,30,50,12,0.251188636,2987.368164,197.3387146
10,0.3,2,30,50,12,0.398107171,3042.999023,195.3076935
10,0.3,2,30,50,12,0.630957365,3094.81958,195.5265198
10,0.3,2,30,50,12,1,3145.607666,204.9151917
10,0.3,2,30,50,12,1.584893227,3195.933594,216.7742615
10,0.3,2,30,50,12,2.511886358,3237.289551,236.5678864
10,0.3,2,30,50,12,3.981071472,3251.777832,265.9349365
10,0.3,2,30,50,12,6.309572697,2992.682617,374.6758423
10,0.3,2,30,50,12,10,3233.745117,271.7998047
10,0.3,2,30,50,12,0.01,1897.642578,516.4011841
10,0.3,2,30,50,12,0.015848933,2264.133301,353.1785278
10,0.3,2,30,50,12,0.025118863,2410.068115,299.4219971
10,0.3,2,30,50,12,0.039810721,2503.495605,257.9472351
10,0.3,2,30,50,12,0.063095748,2573.720947,219.4039459
10,0.3,2,30,50,12,0.100000001,2632.797607,202.2746887
10,0.3,2,30,50,12,0.158489317,2683.112793,184.7654572
10,0.3,2,30,50,12,0.251188636,2729.715088,173.4129486
10,0.3,2,30,50,12,0.398107171,2772.166992,165.779007
10,0.3,2,30,50,12,0.630957365,2815.417969,163.8306885
10,0.3,2,30,50,12,1,2853.846191,165.258667
10,0.3,2,30,50,12,1.584893227,2887.547363,173.3407745
10,0.3,2,30,50,12,2.511886358,2914.358398,183.6450348
10,0.3,2,30,50,12,3.981071472,2900.046387,217.2320404
10,0.3,2,30,50,12,6.309572697,2736.428223,263.6650085
10,0.3,2,30,50,12,10,2880.305176,233.0355072
10,0.3,2,30,50,12,0.01,2479.432617,598.0432739
10,0.3,2,30,50,12,0.015848933,2830.405029,307.9185791
10,0.3,2,30,50,12,0.025118863,2933.781494,258.3908081
10,0.3,2,30,50,12,0.039810721,3005.036133,217.4113312
10,0.3,2,30,50,12,0.063095748,3069.219727,186.1894379
10,0.3,2,30,50,12,0.100000001,3116.015137,174.8630524
10,0.3,2,30,50,12,0.158489317,3164.091309,165.270462
10,0.3,2,30,50,12,0.251188636,3203.952148,153.8407593
10,0.3,2,30,50,12,0.398107171,3241.316406,150.5995941
10,0.3,2,30,50,12,0.630957365,3277.101074,149.632843
10,0.3,2,30,50,12,1,3318.401855,152.739563
10,0.3,2,30,50,12,1.584893227,3349.74292,153.0590668
10,0.3,2,30,50,12,2.511886358,3367.07959,168.8448486
10,0.3,2,30,50,12,3.981071472,3340.240967,188.4387054
10,0.3,2,30,50,12,6.309572697,3221.887939,211.3157196
10,0.3,2,30,50,12,10,3164.990723,917.7908936
10,0.3,2,30,50,12,0.01,2841.521973,328.9028931
10,0.3,2,30,50,12,0.015848933,3084.569092,382.0187988
10,0.3,2,30,50,12,0.025118863,3215.538574,326.2555542
10,0.3,2,30,50,12,0.039810721,3316.463135,294.1531372
10,0.3,2,30,50,12,0.063095748,3394.422852,275.2205811
10,0.3,2,30,50,12,0.100000001,3467.773193,260.1437073
10,0.3,2,30,50,12,0.158489317,3532.963379,252.8375854
10,0.3,2,30,50,12,0.251188636,3598.77002,245.8704071
10,0.3,2,30,50,12,0.398107171,3661.484863,247.4174347
10,0.3,2,30,50,12,0.630957365,3726.670898,252.8606873
10,0.3,2,30,50,12,1,3786.622314,259.0360107
10,0.3,2,30,50,12,1.584893227,3845.849609,270.1945496
10,0.3,2,30,50,12,2.511886358,3893.849854,293.668335
10,0.3,2,30,50,12,3.981071472,3895.261963,330.3787231
10,0.3,2,30,50,12,6.309572697,3680.987061,420.596283
10,0.3,2,30,50,12,10,3862.675781,352.1521301
10,0.3,2,30,50,12,0.01,2074.52002,353.3513489
10,0.3,2,30,50,12,0.015848933,2264.506592,313.8843079
10,0.3,2,30,50,12,0.025118863,2392.863037,282.1178589
10,0.3,2,30,50,12,0.039810721,2475.448975,263.3952942
10,0.3,2,30,50,12,0.063095748,2544.469727,252.9420471
10,0.3,2,30,50,12,0.100000001,2611.58252,246.3071747
10,0.3,2,30,50,12,0.158489317,2677.243652,242.6913147
10,0.3,2,30,50,12,0.251188636,2736.638916,244.0795441
10,0.3,2,30,50,12,0.398107171,2800.44165,248.5963593
10,0.3,2,30,50,12,0.630957365,2863.374512,255.8864441
10,0.3,2,30,50,12,1,2927.725098,270.7709045
10,0.3,2,30,50,12,1.584893227,2988.119873,291.0706482
10,0.3,2,30,50,12,2.511886358,3029.086426,322.4521484
10,0.3,2,30,50,12,3.981071472,2986.460938,387.2408752
10,0.3,2,30,50,12,6.309572697,2991.207275,389.2397461
10,0.3,2,30,50,12,10,3009.140625,474.536499
10,0.3,2,90,50,12,0.01,2634.50708,438.7085571
10,0.3,2,90,50,12,0.015848933,2922.410645,366.0301208
10,0.3,2,90,50,12,0.025118863,3094.760254,319.7167053
10,0.3,2,90,50,12,0.039810721,3197.039795,290.9566956
10,0.3,2,90,50,12,0.063095748,3281.862061,262.5614929
10,0.3,2,90,50,12,0.100000001,3352.402588,244.2613525
10,0.3,2,90,50,12,0.158489317,3419.508057,225.9771271
10,0.3,2,90,50,12,0.251188636,3480.945557,215.4386597
10,0.3,2,90,50,12,0.398107171,3536.971436,209.8413391
10,0.3,2,90,50,12,0.630957365,3591.799316,208.8786926
10,0.3,2,90,50,12,1,3644.789551,210.5440979
10,0.3,2,90,50,12,1.584893227,3695.291504,219.5758514
10,0.3,2,90,50,12,2.511886358,3735.860352,233.5920868
10,0.3,2,90,50,12,3.981071472,3750.618896,252.6078491
10,0.3,2,90,50,12,6.309572697,3441.778564,356.0435486
10,0.3,2,90,50,12,10,3744.707031,279.6650696
10,0.3,2,90,50,12,0.01,2202.660889,524.0679321
10,0.3,2,90,50,12,0.015848933,2571.313232,400.7728577
10,0.3,2,90,50,12,0.025118863,2758.364014,343.9425049
10,0.3,2,90,50,12,0.039810721,2874.531982,304.0263977
10,0.3,2,90,50,12,0.063095748,2960.994629,278.3070679
10,0.3,2,90,50,12,0.100000001,3038.787842,253.5521393
10,0.3,2,90,50,12,0.158489317,3108.468262,236.9723663
10,0.3,2,90,50,12,0.251188636,3170.969482,225.5259399
10,0.3,2,90,50,12,0.398107171,3229.146973,219.1699371
10,0.3,2,90,50,12,0.630957365,3284.036865,216.8770142
10,0.3,2,90,50,12,1,3341.642822,217.5886688
10,0.3,2,90,50,12,1.584893227,3394.375732,224.4068909
10,0.3,2,90,50,12,2.511886358,3437.620605,239.6297302
10,0.3,2,90,50,12,3.981071472,3450.251465,263.5462952
10,0.3,2,90,50,12,6.309572697,3158.123047,360.4327698
10,0.3,2,90,50,12,10,3458.326172,217.6019287
10,0.3,2,90,50,12,0.01,3086.749268,357.4430847
10,0.3,2,90,50,12,0.015848933,3299.830566,343.6309814
10,0.3,2,90,50,12,0.025118863,3433.618408,293.9896545
10,0.3,2,90,50,12,0.039810721,3518.624268,263.9864807
10,0.3,2,90,50,12,0.063095748,3593.327393,236.6713104
10,0.3,2,90,50,12,0.100000001,3656.144531,218.6305084
10,0.3,2,90,50,12,0.158489317,3714.220703,204.6743469
10,0.3,2,90,50,12,0.251188636,3768.186768,198.2652588
10,0.3,2,90,50,12,0.398107171,3820.355957,194.6025696
10,0.3,2,90,50,12,0.630957365,3869.225342,198.7276459
10,0.3,2,90,50,12,1,3920.337891,201.5485382
10,0.3,2,90,50,12,1.584893227,3959.801514,215.3573914
10,0.3,2,90,50,12,2.511886358,4010.845947,229.2335968
10,0.3,2,90,50,12,3.981071472,4021.949219,251.7851563
10,0.3,2,90,50,12,6.309572697,3833.061035,306.8452454
10,0.3,2,90,50,12,10,3913.716309,147.2505341
10,0.3,2,90,50,12,0.01,2648.417725,424.8535767
10,0.3,2,90,50,12,0.015848933,3075.072266,363.3914795
10,0.3,2,90,50,12,0.025118863,3287.037109,324.4770813
10,0.3,2,90,50,12,0.039810721,3430.572266,292.6295776
10,0.3,2,90,50,12,0.063095748,3536.382324,260.5679626
10,0.3,2,90,50,12,0.100000001,3624.417969,244.0237885
10,0.3,2,90,50,12,0.158489317,3698.023438,222.5905457
10,0.3,2,90,50,12,0.251188636,3759.802979,208.6166687
10,0.3,2,90,50,12,0.398107171,3816.792725,195.5718384
10,0.3,2,90,50,12,0.630957365,3869.107666,193.9003143
10,0.3,2,90,50,12,1,3918.863281,191.1356506
10,0.3,2,90,50,12,1.584893227,3964.618652,196.8386841
10,0.3,2,90,50,12,2.511886358,3997.966553,211.1019592
10,0.3,2,90,50,12,3.981071472,4010.802979,233.0830383
10,0.3,2,90,50,12,6.309572697,3713.712158,331.7283325
10,0.3,2,90,50,12,10,3867.402344,320.4737549
10,0.3,2,90,50,12,0.01,2923.896729,505.6295776
10,0.3,2,90,50,12,0.015848933,3274.187012,425.4659119
10,0.3,2,90,50,12,0.025118863,3476.088867,373.8019104
10,0.3,2,90,50,12,0.039810721,3618.630615,324.6152649
10,0.3,2,90,50,12,0.063095748,3729.807617,291.4117126
10,0.3,2,90,50,12,0.100000001,3818.674316,264.4928894
10,0.3,2,90,50,12,0.158489317,3897.450439,244.6361847
10,0.3,2,90,50,12,0.251188636,3963.979004,228.7344666
10,0.3,2,90,50,12,0.398107171,4026.110596,217.5186005
10,0.3,2,90,50,12,0.630957365,4078.483887,212.3034973
10,0.3,2,90,50,12,1,4136.748535,210.8313293
10,0.3,2,90,50,12,1.584893227,4186.302734,218.9502411
10,0.3,2,90,50,12,2.511886358,4224.410645,234.4901123
10,0.3,2,90,50,12,3.981071472,4235.876465,260.043396
10,0.3,2,90,50,12,6.309572697,3962.334229,345.5466919
10,0.3,2,90,50,12,10,4207.242676,141.0664063
10,0.3,2,90,50,12,0.01,2605.386475,438.3960876
10,0.3,2,90,50,12,0.015848933,3002.111816,353.973999
10,0.3,2,90,50,12,0.025118863,3218.580811,308.330719
10,0.3,2,90,50,12,0.039810721,3345.172119,280.7684937
10,0.3,2,90,50,12,0.063095748,3449.008545,259.2498169
10,0.3,2,90,50,12,0.100000001,3536.828125,239.8138885
10,0.3,2,90,50,12,0.158489317,3606.295898,223.9370728
10,0.3,2,90,50,12,0.251188636,3670.392334,212.4728699
10,0.3,2,90,50,12,0.398107171,3728.794922,204.33992
10,0.3,2,90,50,12,0.630957365,3784.407715,202.6837006
10,0.3,2,90,50,12,1,3833.642578,202.3656616
10,0.3,2,90,50,12,1.584893227,3881.643799,211.119339
10,0.3,2,90,50,12,2.511886358,3923.119385,226.5548096
10,0.3,2,90,50,12,3.981071472,3932.793945,250.6825256
10,0.3,2,90,50,12,6.309572697,3602.525146,363.0804138
10,0.3,2,90,50,12,10,3980.455566,330.4830017
10,0.3,2,150,50,12,0.01,3500.781738,425.9162292
10,0.3,2,150,50,12,0.015848933,3749.379395,348.0293274
10,0.3,2,150,50,12,0.025118863,3885.215576,326.7386169
10,0.3,2,150,50,12,0.039810721,3992.428467,292.3647461
10,0.3,2,150,50,12,0.063095748,4080.389893,266.9196777
10,0.3,2,150,50,12,0.100000001,4158.969727,254.3126526
10,0.3,2,150,50,12,0.158489317,4229.114258,261.4349365
10,0.3,2,150,50,12,0.251188636,4290.168457,227.7749176
10,0.3,2,150,50,12,0.398107171,4346.961914,219.4211273
10,0.3,2,150,50,12,0.630957365,4399.495117,216.9846954
10,0.3,2,150,50,12,1,4458.308105,218.8251648
10,0.3,2,150,50,12,1.584893227,4511.229004,229.9826508
10,0.3,2,150,50,12,2.511886358,4555.67334,250.2662506
10,0.3,2,150,50,12,3.981071472,4574.189941,282.420105
10,0.3,2,150,50,12,6.309572697,4259.32373,405.0251465
10,0.3,2,150,50,12,10,4718.76123,331.3254395
10,0.3,2,150,50,12,0.01,3167.545654,411.5088196
10,0.3,2,150,50,12,0.015848933,3405.071289,313.4940491
10,0.3,2,150,50,12,0.025118863,3504.100098,290.4995117
10,0.3,2,150,50,12,0.039810721,3583.476074,246.0610962
10,0.3,2,150,50,12,0.063095748,3644.865234,224.5439911
10,0.3,2,150,50,12,0.100000001,3703.222656,204.7439117
10,0.3,2,150,50,12,0.158489317,3754.066895,194.6674042
10,0.3,2,150,50,12,0.251188636,3803.229492,183.8498535
10,0.3,2,150,50,12,0.398107171,3846.186035,176.3328094
10,0.3,2,150,50,12,0.630957365,3891.097412,173.3015594
10,0.3,2,150,50,12,1,3930.665039,173.8309631
10,0.3,2,150,50,12,1.584893227,3974.940674,185.7375641
10,0.3,2,150,50,12,2.511886358,4003.091309,197.3145599
10,0.3,2,150,50,12,3.981071472,4013.908447,226.1952209
10,0.3,2,150,50,12,6.309572697,3853.36792,293.467865
10,0.3,2,150,50,12,10,4639.884277,347.2486877
10,0.3,2,150,50,12,0.01,2978.579346,503.6279907
10,0.3,2,150,50,12,0.015848933,3400.732666,276.2845154
10,0.3,2,150,50,12,0.025118863,3537.782227,258.436554
10,0.3,2,150,50,12,0.039810721,3648.930664,232.9726868
10,0.3,2,150,50,12,0.063095748,3728.378418,212.9210815
10,0.3,2,150,50,12,0.100000001,3798.793701,195.5680389
10,0.3,2,150,50,12,0.158489317,3855.855225,185.093689
10,0.3,2,150,50,12,0.251188636,3904.441406,173.5544891
10,0.3,2,150,50,12,0.398107171,3949.762451,167.2782898
10,0.3,2,150,50,12,0.630957365,3987.441406,167.6688843
10,0.3,2,150,50,12,1,4032.744385,168.3843231
10,0.3,2,150,50,12,1.584893227,4073.681152,179.092392
10,0.3,2,150,50,12,2.511886358,4109.008301,193.6504211
10,0.3,2,150,50,12,3.981071472,4114.199707,209.2421417
10,0.3,2,150,50,12,6.309572697,3875.205322,297.0700684
10,0.3,2,150,50,12,10,3989.878906,396.1262207
10,0.3,2,30,75,6,0.01,2240.29834,300.3752136
10,0.3,2,30,75,6,0.015848933,2472.647949,259.9856262
10,0.3,2,30,75,6,0.025118863,2622.283691,236.3425751
10,0.3,2,30,75,6,0.039810721,2727.544189,215.764267
10,0.3,2,30,75,6,0.063095748,2792.317871,204.8616333
10,0.3,2,30,75,6,0.100000001,2869.75293,186.7012939
10,0.3,2,30,75,6,0.158489317,2926.673096,170.2680969
10,0.3,2,30,75,6,0.251188636,2980.865967,163.2151337
10,0.3,2,30,75,6,0.398107171,3024.277832,163.285202
10,0.3,2,30,75,6,0.630957365,3069.283691,161.2306824
10,0.3,2,30,75,6,1,3111.281738,166.0947418
10,0.3,2,30,75,6,1.584893227,3151.725098,173.0308533
10,0.3,2,30,75,6,2.511886358,3190.106934,189.8328094
10,0.3,2,30,75,6,3.981071472,3208.019287,211.0532837
10,0.3,2,30,75,6,6.309572697,3095.233643,238.2666473
10,0.3,2,30,75,6,10,3070.588135,144.1183014
10,0.3,2,30,75,6,0.01,1994.952148,222.1121674
10,0.3,2,30,75,6,0.015848933,2129.513916,185.243927
10,0.3,2,30,75,6,0.025118863,2215.307861,161.7560577
10,0.3,2,30,75,6,0.039810721,2270.498779,146.6891785
10,0.3,2,30,75,6,0.063095748,2316.395264,133.4542542
10,0.3,2,30,75,6,0.100000001,2355.90332,122.4963455
10,0.3,2,30,75,6,0.158489317,2391.429199,115.2342148
10,0.3,2,30,75,6,0.251188636,2422.344482,111.3318253
10,0.3,2,30,75,6,0.398107171,2450.412598,110.335907
10,0.3,2,30,75,6,0.630957365,2480.004395,112.0328598
10,0.3,2,30,75,6,1,2507.492188,117.1873169
10,0.3,2,30,75,6,1.584893227,2534.793457,125.0320129
10,0.3,2,30,75,6,2.511886358,2552.960205,139.6867523
10,0.3,2,30,75,6,3.981071472,2542.126709,162.3377075
10,0.3,2,30,75,6,6.309572697,2424.940186,196.8217773
10,0.3,2,30,75,6,10,2629.312012,144.8793182
10,0.3,2,30,75,6,0.01,1531.872925,274.6037903
10,0.3,2,30,75,6,0.015848933,1732.780273,227.9667816
10,0.3,2,30,75,6,0.025118863,1851.160522,196.0467987
10,0.3,2,30,75,6,0.039810721,1927.585938,174.0930328
10,0.3,2,30,75,6,0.063095748,1985.557495,160.1389618
10,0.3,2,30,75,6,0.100000001,2031.827759,147.0931549
10,0.3,2,30,75,6,0.158489317,2074.473389,137.429184
10,0.3,2,30,75,6,0.251188636,2112.967041,130.6108093
10,0.3,2,30,75,6,0.398107171,2147.024414,128.9684296
10,0.3,2,30,75,6,0.630957365,2182.425293,128.3861389
10,0.3,2,30,75,6,1,2211.303223,131.4841156
10,0.3,2,30,75,6,1.584893227,2236.363281,139.6025391
10,0.3,2,30,75,6,2.511886358,2252.362793,153.6760559
10,0.3,2,30,75,6,3.981071472,2215.451904,182.454422
10,0.3,2,30,75,6,6.309572697,2146.686523,197.3648987
10,0.3,2,30,75,6,10,2216.959961,251.9007263
10,0.3,2,90,75,6,0.01,2815.090576,254.3530884
10,0.3,2,90,75,6,0.015848933,2932.922119,246.5841217
10,0.3,2,90,75,6,0.025118863,3032.95459,215.6316986
10,0.3,2,90,75,6,0.039810721,3109.999023,201.4031372
10,0.3,2,90,75,6,0.063095748,3171.806885,197.8656616
10,0.3,2,90,75,6,0.100000001,3230.563477,183.9151764
10,0.3,2,90,75,6,0.158489317,3284.477051,179.3570862
10,0.3,2,90,75,6,0.251188636,3337.86377,183.4619141
10,0.3,2,90,75,6,0.398107171,3385.840088,181.8683624
10,0.3,2,90,75,6,0.630957365,3432.098145,190.061615
10,0.3,2,90,75,6,1,3485.461914,200.362442
10,0.3,2,90,75,6,1.584893227,3532.735352,217.6534271
10,0.3,2,90,75,6,2.511886358,3578.168945,238.1971283
10,0.3,2,90,75,6,3.981071472,3581.509033,264.462616
10,0.3,2,90,75,6,6.309572697,3483.272705,303.2402649
10,0.3,2,90,75,6,10,3691.180664,396.4465332
10,0.3,2,90,75,6,0.01,1634.518555,319.8344727
10,0.3,2,90,75,6,0.015848933,1834.293823,226.3626404
10,0.3,2,90,75,6,0.025118863,1936.20105,202.4651489
10,0.3,2,90,75,6,0.039810721,2006.830688,183.5824738
10,0.3,2,90,75,6,0.063095748,2063.256592,174.5645142
10,0.3,2,90,75,6,0.100000001,2113.380615,167.1119385
10,0.3,2,90,75,6,0.158489317,2157.136963,164.4885254
10,0.3,2,90,75,6,0.251188636,2201.087402,164.0160675
10,0.3,2,90,75,6,0.398107171,2242.062256,166.3573914
10,0.3,2,90,75,6,0.630957365,2284.054688,171.1357422
10,0.3,2,90,75,6,1,2326.141357,178.1979218
10,0.3,2,90,75,6,1.584893227,2361.657715,194.4147797
10,0.3,2,90,75,6,2.511886358,2379.27124,217.6786499
10,0.3,2,90,75,6,3.981071472,2263.600098,284.0224915
10,0.3,2,90,75,6,6.309572697,2375.468018,249.2279663
10,0.3,2,90,75,6,10,2233.020508,304.3489685
10,0.3,2,90,75,6,0.01,1663.612183,325.3320618
10,0.3,2,90,75,6,0.015848933,1893.646118,243.9662476
10,0.3,2,90,75,6,0.025118863,2002.28125,209.8347473
10,0.3,2,90,75,6,0.039810721,2073.392822,191.609436
10,0.3,2,90,75,6,0.063095748,2131.819092,178.0149384
10,0.3,2,90,75,6,0.100000001,2182.268311,168.432663
10,0.3,2,90,75,6,0.158489317,2227.653809,165.0446777
10,0.3,2,90,75,6,0.251188636,2271.612061,164.0751648
10,0.3,2,90,75,6,0.398107171,2315.039307,166.5280151
10,0.3,2,90,75,6,0.630957365,2357.208984,172.6779938
10,0.3,2,90,75,6,1,2402.499512,180.9846039
10,0.3,2,90,75,6,1.584893227,2442.617432,195.974884
10,0.3,2,90,75,6,2.511886358,2470.926514,218.5376434
10,0.3,2,90,75,6,3.981071472,2426.468506,263.7758484
10,0.3,2,90,75,6,6.309572697,2461.46582,250.3171539
10,0.3,2,90,75,6,10,2490.579102,196.1002502
10,0.3,2,90,75,6,0.01,2748.253906,365.2111511
10,0.3,2,90,75,6,0.015848933,2875.095215,247.6712036
10,0.3,2,90,75,6,0.025118863,2949.340576,216.7146454
10,0.3,2,90,75,6,0.039810721,3016.306641,197.3821869
10,0.3,2,90,75,6,0.063095748,3074.544922,191.0603485
10,0.3,2,90,75,6,0.100000001,3128.130371,189.2286072
10,0.3,2,90,75,6,0.158489317,3178.78418,186.5299225
10,0.3,2,90,75,6,0.251188636,3230.19873,188.4302216
10,0.3,2,90,75,6,0.398107171,3280.198975,193.8070068
10,0.3,2,90,75,6,0.630957365,3330.049316,202.9941406
10,0.3,2,90,75,6,1,3384.376953,215.8200226
10,0.3,2,90,75,6,1.584893227,3434.885498,233.3577271
10,0.3,2,90,75,6,2.511886358,3476.20166,257.7974548
10,0.3,2,90,75,6,3.981071472,3480.096924,286.1793823
10,0.3,2,90,75,6,6.309572697,3419.481201,318.9485168
10,0.3,2,90,75,6,10,3494.946289,311.8997803
10,0.3,2,90,75,6,0.01,2877.750977,354.6305847
10,0.3,2,90,75,6,0.015848933,3121.662598,288.9818115
10,0.3,2,90,75,6,0.025118863,3255.506348,253.8589935
10,0.3,2,90,75,6,0.039810721,3343.333984,233.2826691
10,0.3,2,90,75,6,0.063095748,3421.495361,217.8483887
10,0.3,2,90,75,6,0.100000001,3487.001465,205.3469391
10,0.3,2,90,75,6,0.158489317,3545.910156,202.9983826
10,0.3,2,90,75,6,0.251188636,3603.406494,202.6948853
10,0.3,2,90,75,6,0.398107171,3660.647217,205.9246216
10,0.3,2,90,75,6,0.630957365,3712.366211,215.6449738
10,0.3,2,90,75,6,1,3772.234863,225.4876556
10,0.3,2,90,75,6,1.584893227,3826.348877,244.9933624
10,0.3,2,90,75,6,2.511886358,3871.036133,267.5744019
10,0.3,2,90,75,6,3.981071472,3870.888672,294.6714783
10,0.3,2,90,75,6,6.309572697,3785.904541,326.3153992
10,0.3,2,90,75,6,10,3724.356445,456.0684204
10,0.3,2,150,75,6,0.01,1677.356445,211.4879456
10,0.3,2,150,75,6,0.015848933,1810.702148,179.1848145
10,0.3,2,150,75,6,0.025118863,1902.843506,159.1230774
10,0.3,2,150,75,6,0.039810721,1964.088623,147.016037
10,0.3,2,150,75,6,0.063095748,2015.27124,138.2575684
10,0.3,2,150,75,6,0.100000001,2059.694336,134.0522919
10,0.3,2,150,75,6,0.158489317,2099.427979,131.183075
10,0.3,2,150,75,6,0.251188636,2136.04126,131.4901276
10,0.3,2,150,75,6,0.398107171,2173.345703,134.2738495
10,0.3,2,150,75,6,0.630957365,2211.283447,140.0378876
10,0.3,2,150,75,6,1,2245.12793,148.4003448
10,0.3,2,150,75,6,1.584893227,2278.603516,161.9464874
10,0.3,2,150,75,6,2.511886358,2307.875244,178.1737823
10,0.3,2,150,75,6,3.981071472,2295.470459,208.0733795
10,0.3,2,150,75,6,6.309572697,2286.342285,218.5022278
10,0.3,2,150,75,6,10,2325.43457,305.346405
10,0.3,2,150,75,6,0.01,1267.301147,344.6644287
10,0.3,2,150,75,6,0.015848933,1516.370972,262.2049866
10,0.3,2,150,75,6,0.025118863,1645.160522,213.4604187
10,0.3,2,150,75,6,0.039810721,1724.664063,186.4851837
10,0.3,2,150,75,6,0.063095748,1784.920776,170.8367157
10,0.3,2,150,75,6,0.100000001,1835.802368,158.78862
10,0.3,2,150,75,6,0.158489317,1882.150513,151.6094666
10,0.3,2,150,75,6,0.251188636,1924.883057,148.3441925
10,0.3,2,150,75,6,0.398107171,1963.101929,148.4151459
10,0.3,2,150,75,6,0.630957365,2001.428711,151.8618622
10,0.3,2,150,75,6,1,2039.359253,158.0992737
10,0.3,2,150,75,6,1.584893227,2071.23584,169.4645386
10,0.3,2,150,75,6,2.511886358,2085.684326,187.0599823
10,0.3,2,150,75,6,3.981071472,1989.175781,237.8397827
10,0.3,2,150,75,6,6.309572697,2051.716064,206.6354523
10,0.3,2,150,75,6,10,1983.891113,236.3210449
10,0.3,2,150,75,6,0.01,2038.044312,254.9529724
10,0.3,2,150,75,6,0.015848933,2146.264404,201.3574982
10,0.3,2,150,75,6,0.025118863,2217.73291,171.8205566
10,0.3,2,150,75,6,0.039810721,2271.39209,153.7275085
10,0.3,2,150,75,6,0.063095748,2317.046387,144.4602509
10,0.3,2,150,75,6,0.100000001,2358.577881,138.3618317
10,0.3,2,150,75,6,0.158489317,2395.566162,135.654007
10,0.3,2,150,75,6,0.251188636,2432.965576,135.8175812
10,0.3,2,150,75,6,0.398107171,2468.813965,138.2837219
10,0.3,2,150,75,6,0.630957365,2501.911621,143.365448
10,0.3,2,150,75,6,1,2542.043701,151.7806091
10,0.3,2,150,75,6,1.584893227,2576.890625,164.0350494
10,0.3,2,150,75,6,2.511886358,2602.702881,180.7372437
10,0.3,2,150,75,6,3.981071472,2584.352783,206.3648987
10,0.3,2,150,75,6,6.309572697,2580.815918,204.6424561
10,0.3,2,150,75,6,10,2665.659668,278.9935608
10,0.3,2,150,75,6,0.01,1976.375244,188.7581024
10,0.3,2,150,75,6,0.015848933,2092.733643,195.2296143
10,0.3,2,150,75,6,0.025118863,2176.067871,180.2256927
10,0.3,2,150,75,6,0.039810721,2236.60791,172.0787964
10,0.3,2,150,75,6,0.063095748,2291.525635,166.0302429
10,0.3,2,150,75,6,0.100000001,2341.083252,163.2272339
10,0.3,2,150,75,6,0.158489317,2385.34668,161.1268768
10,0.3,2,150,75,6,0.251188636,2430.637695,162.4118805
10,0.3,2,150,75,6,0.398107171,2474.956299,167.2700653
10,0.3,2,150,75,6,0.630957365,2517.319336,173.6632233
10,0.3,2,150,75,6,1,2565.29541,184.6194
10,0.3,2,150,75,6,1.584893227,2610.327881,194.5727234
10,0.3,2,150,75,6,2.511886358,2643.851318,221.4412384
10,0.3,2,150,75,6,3.981071472,2630.700928,255.4612579
10,0.3,2,150,75,6,6.309572697,2625.590576,271.4885254
10,0.3,2,150,75,6,10,2744.376953,361.5493469
10,0.3,2,150,75,6,0.01,971.2822266,210.6088409
10,0.3,2,150,75,6,0.015848933,1116.817749,196.4914551
10,0.3,2,150,75,6,0.025118863,1213.775879,191.491745
10,0.3,2,150,75,6,0.039810721,1285.040649,186.882431
10,0.3,2,150,75,6,0.063095748,1349.344116,179.6092224
10,0.3,2,150,75,6,0.100000001,1402.413818,179.1061249
10,0.3,2,150,75,6,0.158489317,1452.523438,177.5603027
10,0.3,2,150,75,6,0.251188636,1500.652954,179.6698914
10,0.3,2,150,75,6,0.398107171,1547.261475,183.5084381
10,0.3,2,150,75,6,0.630957365,1592.192627,187.9308014
10,0.3,2,150,75,6,1,1639.721069,196.8874207
10,0.3,2,150,75,6,1.584893227,1675.841675,211.5571136
10,0.3,2,150,75,6,2.511886358,1674.839355,241.4034576
10,0.3,2,150,75,6,3.981071472,1533.33667,308.0620728
10,0.3,2,150,75,6,6.309572697,1730.258057,260.9567261
10,0.3,2,150,75,6,10,1606.769531,249.2077484
10,0.3,2,150,75,6,0.01,1320.492798,256.0988159
10,0.3,2,150,75,6,0.015848933,1530.749878,190.168808
10,0.3,2,150,75,6,0.025118863,1626.427734,181.8443451
10,0.3,2,150,75,6,0.039810721,1694.049438,164.903656
10,0.3,2,150,75,6,0.063095748,1748.54187,156.3846436
10,0.3,2,150,75,6,0.100000001,1796.33374,150.0068054
10,0.3,2,150,75,6,0.158489317,1841.206299,151.3126526
10,0.3,2,150,75,6,0.251188636,1884.062622,151.8050079
10,0.3,2,150,75,6,0.398107171,1924.781372,157.8873291
10,0.3,2,150,75,6,0.630957365,1968.310425,163.1121521
10,0.3,2,150,75,6,1,2011.291382,174.7637939
10,0.3,2,150,75,6,1.584893227,2051.503418,189.4621582
10,0.3,2,150,75,6,2.511886358,2079.216309,210.821106
10,0.3,2,150,75,6,3.981071472,2006.826538,266.5039368
10,0.3,2,150,75,6,6.309572697,2117.163818,227.1086121
10,0.3,2,150,75,6,10,2075.331543,159.8243408
10,0.3,2,30,50,6,0.01,5039,695.3
10,0.3,2,30,50,6,0.01585,5420,553.6
10,0.3,2,30,50,6,0.02512,5604,445
10,0.3,2,30,50,6,0.03981,5737,385.3
10,0.3,2,30,50,6,0.0631,5839,336
10,0.3,2,30,50,6,0.1,5935,293.7
10,0.3,2,30,50,6,0.158,6001,257.5
10,0.3,2,30,50,6,0.251,6050,224.4
10,0.3,2,30,50,6,0.398,6102,200
10,0.3,2,30,50,6,0.631,6142,180.2
10,0.3,2,30,50,6,1,6190,165.4
10,0.3,2,30,50,6,1.585,6233,157.2
10,0.3,2,30,50,6,2.512,6261,153.3
10,0.3,2,30,50,6,3.981,6276,147.3
10,0.3,2,30,50,6,6.31,6204,175.9
10,0.3,2,30,50,6,10,6198,176.6
10,0.3,2,30,50,6,0.01,5522,895.9
10,0.3,2,30,50,6,0.01585,5905,659.9
10,0.3,2,30,50,6,0.02512,6074,559
10,0.3,2,30,50,6,0.03981,6217,465
10,0.3,2,30,50,6,0.0631,6334,398.4
10,0.3,2,30,50,6,0.1,6434,342.1
10,0.3,2,30,50,6,0.158,6524,299.7
10,0.3,2,30,50,6,0.251,6597,264.5
10,0.3,2,30,50,6,0.398,6653,233.8
10,0.3,2,30,50,6,0.631,6716,211.3
10,0.3,2,30,50,6,1,6760,190.5
10,0.3,2,30,50,6,1.585,6790,181.4
10,0.3,2,30,50,6,2.512,6832,175.8
10,0.3,2,30,50,6,3.981,6858,190.1
10,0.3,2,30,50,6,6.31,6753,159.4
10,0.3,2,30,50,6,10,6735,177.2
10,0.3,2,30,50,6,0.01,5468,885.7
10,0.3,2,30,50,6,0.01585,5816,665.1
10,0.3,2,30,50,6,0.02512,5998,540.6
10,0.3,2,30,50,6,0.03981,6119,448
10,0.3,2,30,50,6,0.0631,6231,380
10,0.3,2,30,50,6,0.1,6328,325
10,0.3,2,30,50,6,0.158,6410,284.9
10,0.3,2,30,50,6,0.251,6484,251.3
10,0.3,2,30,50,6,0.398,6544,224
10,0.3,2,30,50,6,0.631,6604,202
10,0.3,2,30,50,6,1,6647,184.2
10,0.3,2,30,50,6,1.585,6687,180.6
10,0.3,2,30,50,6,2.512,6736,173
10,0.3,2,30,50,6,3.981,6778,192.4
10,0.3,2,30,50,6,6.31,6671,155.3
10,0.3,2,30,50,6,10,6711,173.9
10,0.3,2,90,50,6,0.01,2188,327.3
10,0.3,2,90,50,6,0.01585,2418,282.4
10,0.3,2,90,50,6,0.02512,2586,252.7
10,0.3,2,90,50,6,0.03981,2709,231.1
10,0.3,2,90,50,6,0.0631,2803,210.9
10,0.3,2,90,50,6,0.1,2878,193.8
10,0.3,2,90,50,6,0.158,2942,179.3
10,0.3,2,90,50,6,0.251,2997,168.3
10,0.3,2,90,50,6,0.398,3046,160.1
10,0.3,2,90,50,6,0.631,3091,154.6
10,0.3,2,90,50,6,1,3136,153.2
10,0.3,2,90,50,6,1.585,3176,157.1
10,0.3,2,90,50,6,2.512,3213,167.1
10,0.3,2,90,50,6,3.981,3243,181.4
10,0.3,2,90,50,6,6.31,3182,200.1
10,0.3,2,90,50,6,10,3278,195.7
10,0.3,2,90,50,6,0.01,1843,325.7
10,0.3,2,90,50,6,0.01585,2077,279.4
10,0.3,2,90,50,6,0.02512,2236,248.8
10,0.3,2,90,50,6,0.03981,2342,223.4
10,0.3,2,90,50,6,0.0631,2427,202.1
10,0.3,2,90,50,6,0.1,2494,186
10,0.3,2,90,50,6,0.158,2552,171.4
10,0.3,2,90,50,6,0.251,2601,159.6
10,0.3,2,90,50,6,0.398,2647,150
10,0.3,2,90,50,6,0.631,2687,146.1
10,0.3,2,90,50,6,1,2726,143.5
10,0.3,2,90,50,6,1.585,2761,146
10,0.3,2,90,50,6,2.512,2794,154.9
10,0.3,2,90,50,6,3.981,2817,169.8
10,0.3,2,90,50,6,6.31,2695,217.2
10,0.3,2,90,50,6,10,2774,133.5
10,0.3,2,90,50,6,0.01,1815,334
10,0.3,2,90,50,6,0.01585,2065,289.6
10,0.3,2,90,50,6,0.02512,2231,258.8
10,0.3,2,90,50,6,0.03981,2344,232.5
10,0.3,2,90,50,6,0.0631,2434,209.3
10,0.3,2,90,50,6,0.1,2505,189.8
10,0.3,2,90,50,6,0.158,2568,173.8
10,0.3,2,90,50,6,0.251,2619,162.4
10,0.3,2,90,50,6,0.398,2664,155.4
10,0.3,2,90,50,6,0.631,2708,148.5
10,0.3,2,90,50,6,1,2748,146.6
10,0.3,2,90,50,6,1.585,2786,149.9
10,0.3,2,90,50,6,2.512,2822,158.9
10,0.3,2,90,50,6,3.981,2844,174.4
10,0.3,2,90,50,6,6.31,2720,221.8
10,0.3,2,90,50,6,10,2936,108
10,0.3,2,90,50,6,0.01,1805,335.2
10,0.3,2,90,50,6,0.01585,2055,285.6
10,0.3,2,90,50,6,0.02512,2204,245.8
10,0.3,2,90,50,6,0.03981,2310,215.4
10,0.3,2,90,50,6,0.0631,2389,192.6
10,0.3,2,90,50,6,0.1,2449,173.3
10,0.3,2,90,50,6,0.158,2501,156.3
10,0.3,2,90,50,6,0.251,2544,143.6
10,0.3,2,90,50,6,0.398,2582,134.1
10,0.3,2,90,50,6,0.631,2613,127.4
10,0.3,2,90,50,6,1,2649,123
10,0.3,2,90,50,6,1.585,2678,124.7
10,0.3,2,90,50,6,2.512,2704,131.4
10,0.3,2,90,50,6,3.981,2714,142.8
10,0.3,2,90,50,6,6.31,2540,199.1
10,0.3,2,90,50,6,10,2653,84.9
10,0.3,2,90,50,6,0.01,1828,340
10,0.3,2,90,50,6,0.01585,2098,286.1
10,0.3,2,90,50,6,0.02512,2270,249
10,0.3,2,90,50,6,0.03981,2381,219.7
10,0.3,2,90,50,6,0.0631,2472,196.6
10,0.3,2,90,50,6,0.1,2541,178.6
10,0.3,2,90,50,6,0.158,2601,161.8
10,0.3,2,90,50,6,0.251,2649,149.7
10,0.3,2,90,50,6,0.398,2691,140.7
10,0.3,2,90,50,6,0.631,2729,135.1
10,0.3,2,90,50,6,1,2766,132.1
10,0.3,2,90,50,6,1.585,2799,134.2
10,0.3,2,90,50,6,2.512,2829,142.1
10,0.3,2,90,50,6,3.981,2848,154.6
10,0.3,2,90,50,6,6.31,2728,195.3
10,0.3,2,90,50,6,10,2856,73.49
10,0.3,2,90,50,6,0.01,1956,314.8
10,0.3,2,90,50,6,0.01585,2198,276.9
10,0.3,2,90,50,6,0.02512,2355,244.4
10,0.3,2,90,50,6,0.03981,2459,218.7
10,0.3,2,90,50,6,0.0631,2545,196.2
10,0.3,2,90,50,6,0.1,2610,177.9
10,0.3,2,90,50,6,0.158,2664,161.9
10,0.3,2,90,50,6,0.251,2711,149.3
10,0.3,2,90,50,6,0.398,2752,140.1
10,0.3,2,90,50,6,0.631,2789,133.7
10,0.3,2,90,50,6,1,2824,131
10,0.3,2,90,50,6,1.585,2857,133.2
10,0.3,2,90,50,6,2.512,2886,141.4
10,0.3,2,90,50,6,3.981,2905,157.4
10,0.3,2,90,50,6,6.31,2794,190.4
10,0.3,2,90,50,6,10,2825,103.6
10,0.3,2,150,50,6,0.01,568.4,129.8
10,0.3,2,150,50,6,0.01585,679.1,134.8
10,0.3,2,150,50,6,0.02512,794.6,135.2
10,0.3,2,150,50,6,0.03981,876.6,129.9
10,0.3,2,150,50,6,0.0631,938,124.6
10,0.3,2,150,50,6,0.1,985.9,119.6
10,0.3,2,150,50,6,0.158,1029,114.9
10,0.3,2,150,50,6,0.251,1063,112.3
10,0.3,2,150,50,6,0.398,1093,110.9
10,0.3,2,150,50,6,0.631,1123,111
10,0.3,2,150,50,6,1,1150,112.3
10,0.3,2,150,50,6,1.585,1175,117.6
10,0.3,2,150,50,6,2.512,1188,129.3
10,0.3,2,150,50,6,3.981,1109,171.9
10,0.3,2,150,50,6,6.31,1218,142.6
10,0.3,2,150,50,6,10,1203,51.66
10,0.3,2,150,50,6,0.01,785.1,171.2
10,0.3,2,150,50,6,0.01585,925.4,170.2
10,0.3,2,150,50,6,0.02512,1028,161.5
10,0.3,2,150,50,6,0.03981,1104,152.1
10,0.3,2,150,50,6,0.0631,1162,141.3
10,0.3,2,150,50,6,0.1,1210,132.1
10,0.3,2,150,50,6,0.158,1250,124.1
10,0.3,2,150,50,6,0.251,1285,118.2
10,0.3,2,150,50,6,0.398,1317,114.3
10,0.3,2,150,50,6,0.631,1347,112
10,0.3,2,150,50,6,1,1375,112.5
10,0.3,2,150,50,6,1.585,1400,116.9
10,0.3,2,150,50,6,2.512,1417,127
10,0.3,2,150,50,6,3.981,1382,156.9
10,0.3,2,150,50,6,6.31,1409,153.7
10,0.3,2,150,50,6,10,1448,178.9
10,0.3,2,150,50,6,0.01,846.6,182
10,0.3,2,150,50,6,0.01585,1018,166.9
10,0.3,2,150,50,6,0.02512,1125,148.9
10,0.3,2,150,50,6,0.03981,1194,135.4
10,0.3,2,150,50,6,0.0631,1248,123.9
10,0.3,2,150,50,6,0.1,1290,114.5
10,0.3,2,150,50,6,0.158,1326,106.7
10,0.3,2,150,50,6,0.251,1357,101.3
10,0.3,2,150,50,6,0.398,1384,98.09
10,0.3,2,150,50,6,0.631,1409,96.19
10,0.3,2,150,50,6,1,1434,97.55
10,0.3,2,150,50,6,1.585,1455,102.3
10,0.3,2,150,50,6,2.512,1468,112.3
10,0.3,2,150,50,6,3.981,1443,135.5
10,0.3,2,150,50,6,6.31,1451,138.4
10,0.3,2,150,50,6,10,1583,127.5
10,0.3,2,150,50,6,0.01,548,131.9
10,0.3,2,150,50,6,0.01585,662,136.9
10,0.3,2,150,50,6,0.02512,744.6,133.4
10,0.3,2,150,50,6,0.03981,802.9,129.3
10,0.3,2,150,50,6,0.0631,849.9,124.6
10,0.3,2,150,50,6,0.1,889.1,119.9
10,0.3,2,150,50,6,0.158,922.8,116.5
10,0.3,2,150,50,6,0.251,952.9,114.1
10,0.3,2,150,50,6,0.398,981.1,113
10,0.3,2,150,50,6,0.631,1009,113.2
10,0.3,2,150,50,6,1,1035,115.4
10,0.3,2,150,50,6,1.585,1058,121.7
10,0.3,2,150,50,6,2.512,1066,135.3
10,0.3,2,150,50,6,3.981,933,185.2
10,0.3,2,150,50,6,6.31,1112,141.9
10,0.3,2,150,50,6,10,879.1,137.4
10,0.3,2,150,50,6,0.01,656.3,154.8
10,0.3,2,150,50,6,0.01585,789.3,154.1
10,0.3,2,150,50,6,0.02512,883.3,146
10,0.3,2,150,50,6,0.03981,947.7,137.6
10,0.3,2,150,50,6,0.0631,1000,128.9
10,0.3,2,150,50,6,0.1,1042,122
10,0.3,2,150,50,6,0.158,1081,115.2
10,0.3,2,150,50,6,0.251,1112,111.1
10,0.3,2,150,50,6,0.398,1141,108.6
10,0.3,2,150,50,6,0.631,1170,107.3
10,0.3,2,150,50,6,1,1196,108.5
10,0.3,2,150,50,6,1.585,1219,113.6
10,0.3,2,150,50,6,2.512,1232,124.7
10,0.3,2,150,50,6,3.981,1163,164.6
10,0.3,2,150,50,6,6.31,1252,140.2
10,0.3,2,150,50,6,10,1348,173.2
10,0.3,2,150,50,6,0.01,1008,159.8
10,0.3,2,150,50,6,0.01585,1151,149.5
10,0.3,2,150,50,6,0.02512,1244,139.9
10,0.3,2,150,50,6,0.03981,1310,132.3
10,0.3,2,150,50,6,0.0631,1365,123.1
10,0.3,2,150,50,6,0.1,1412,116.8
10,0.3,2,150,50,6,0.158,1450,110.6
10,0.3,2,150,50,6,0.251,1481,107
10,0.3,2,150,50,6,0.398,1511,105.1
10,0.3,2,150,50,6,0.631,1539,105.3
10,0.3,2,150,50,6,1,1567,107.6
10,0.3,2,150,50,6,1.585,1593,113.2
10,0.3,2,150,50,6,2.512,1615,124.1
10,0.3,2,150,50,6,3.981,1614,143.9
10,0.3,2,150,50,6,6.31,1593,163.1
10,0.3,2,150,50,6,10,1682,134.5